url_hash_id,client_hash_id,word_count,days_since_update,clicks_last_30d,peak_clicks_30d,log_peak_clicks,target_click_loss,predicted_click_loss,action,reason_code
url_464ff2db610e43bc,client_e547b89c05043229,2745,58,0.0,890,6.792344427470809,890.0,199.28760438312983,PRIORITY_REFRESH,STALE_CONTENT_HIGH_LOSS
url_226c0d14bd4d70a5,client_e547b89c05043229,2753,68,0.0,345,5.846438775057724,345.0,178.97011535476642,PRIORITY_REFRESH,STALE_CONTENT_HIGH_LOSS
url_4e03ecbb0ef86bd0,client_06d356715a8ff3b6,2175,49,0.0,228,5.43372200355424,228.0,176.43401703459975,PRIORITY_REFRESH,STALE_CONTENT_HIGH_LOSS
url_a120b548329280b6,client_06d356715a8ff3b6,1800,56,0.0,329,5.799092654460526,329.0,176.43401703459975,PRIORITY_REFRESH,STALE_CONTENT_HIGH_LOSS
url_f37479058155ca8e,client_e547b89c05043229,1293,56,0.0,98,4.59511985013459,98.0,176.43401703459975,PRIORITY_REFRESH,STALE_CONTENT_HIGH_LOSS
url_b71a266de03ec98e,client_73cda7b4e4f265ea,1084,54,0.0,68,4.23410650459726,68.0,176.43401703459975,PRIORITY_REFRESH,STALE_CONTENT_HIGH_LOSS
url_a246580e888e0aa3,client_23a62021009f63c4,2260,54,0.0,61,4.127134385045092,61.0,176.43401703459975,PRIORITY_REFRESH,STALE_CONTENT_HIGH_LOSS
url_8b5c7405c6a7118f,client_b77d0d5f08f05e64,2251,56,0.0,232,5.4510384535657,232.0,176.43401703459975,PRIORITY_REFRESH,STALE_CONTENT_HIGH_LOSS
url_24615933e10a7c2c,client_8ddc46da5414ffd8,2892,49,0.0,68,4.23410650459726,68.0,164.85435258403413,PRIORITY_REFRESH,STALE_CONTENT_HIGH_LOSS
url_426bb30a317d7228,client_e547b89c05043229,2811,68,0.0,175,5.170483995038151,175.0,162.14665736882213,PRIORITY_REFRESH,STALE_CONTENT_HIGH_LOSS
url_e23de77be1821b00,client_e547b89c05043229,2682,68,0.0,65,4.189654742026425,65.0,161.65477637475723,PRIORITY_REFRESH,STALE_CONTENT_HIGH_LOSS
url_a91238d96d2c87a9,client_e547b89c05043229,2624,68,0.0,86,4.465908118654584,86.0,161.65477637475723,PRIORITY_REFRESH,STALE_CONTENT_HIGH_LOSS
url_b41f4456f043c6c4,client_b77d0d5f08f05e64,2430,79,0.0,104,4.653960350157523,104.0,146.74653443619357,PRIORITY_REFRESH,STALE_CONTENT_HIGH_LOSS
url_ea2cf1342ea1a1bc,client_0fa64a184f18a4a0,2582,79,0.0,69,4.248495242049359,69.0,146.74653443619357,PRIORITY_REFRESH,STALE_CONTENT_HIGH_LOSS
url_e01e479408d3a92b,client_8ddc46da5414ffd8,3325,91,0.0,102,4.634728988229636,102.0,135.16686998562795,PRIORITY_REFRESH,STALE_CONTENT_HIGH_LOSS
url_a56d56b78ae90c0a,client_0fa64a184f18a4a0,2888,79,0.0,74,4.31748811353631,74.0,135.16686998562795,PRIORITY_REFRESH,STALE_CONTENT_HIGH_LOSS
url_aff1f8bf0b626069,client_8ddc46da5414ffd8,2980,79,0.0,63,4.1588830833596715,63.0,135.16686998562795,PRIORITY_REFRESH,STALE_CONTENT_HIGH_LOSS
url_18b64e3f2a97a1f5,client_0fa64a184f18a4a0,2898,79,0.0,66,4.204692619390966,66.0,135.16686998562795,PRIORITY_REFRESH,STALE_CONTENT_HIGH_LOSS
url_30d6f589d622e01d,client_86ebc2f12c01f586,2859,79,0.0,122,4.812184355372417,122.0,135.16686998562795,PRIORITY_REFRESH,STALE_CONTENT_HIGH_LOSS
url_901ab2930736f4d7,client_8ddc46da5414ffd8,3129,79,0.0,60,4.110873864173311,60.0,135.16686998562795,PRIORITY_REFRESH,STALE_CONTENT_HIGH_LOSS
url_8b0a34daf5bac290,client_23a62021009f63c4,2505,58,0.0,49,3.912023005428146,49.0,69.26380282922457,PRIORITY_REFRESH,STALE_CONTENT_HIGH_LOSS
url_8935a869592602d7,client_06d356715a8ff3b6,2001,56,0.0,53,3.9889840465642745,53.0,66.39374577756917,PRIORITY_REFRESH,STALE_CONTENT_HIGH_LOSS
url_cae02488cf5fc990,client_e547b89c05043229,2928,58,0.0,50,3.9318256327243257,50.0,60.09257010182778,PRIORITY_REFRESH,STALE_CONTENT_HIGH_LOSS
url_6327238bb866ea30,client_e547b89c05043229,2784,68,0.0,58,4.07753744390572,58.0,58.4038450429036,PRIORITY_REFRESH,STALE_CONTENT_HIGH_LOSS
url_aabab7c536335fce,client_23a62021009f63c4,3592,58,0.0,49,3.912023005428146,49.0,57.79870906924156,PRIORITY_REFRESH,STALE_CONTENT_HIGH_LOSS
url_bdba479ed0ac6fc6,client_86ebc2f12c01f586,2848,64,0.0,58,4.07753744390572,58.0,53.84221062148301,PRIORITY_REFRESH,STALE_CONTENT_HIGH_LOSS
url_36b845bf4884fd6a,client_8ddc46da5414ffd8,3237,53,0.0,47,3.8712010109078907,47.0,52.17883162170327,PRIORITY_REFRESH,STALE_CONTENT_HIGH_LOSS
url_50318fc769eeac90,client_e5c2aa26a8598242,1985,58,0.0,40,3.713572066704308,40.0,48.97245173817684,PRIORITY_REFRESH,STALE_CONTENT_HIGH_LOSS
url_ee7a72a41f795289,client_86ebc2f12c01f586,2793,64,0.0,44,3.8066624897703196,44.0,48.722276307871184,PRIORITY_REFRESH,STALE_CONTENT_HIGH_LOSS
url_4e5998a2f3d7052c,client_06d356715a8ff3b6,2464,69,0.0,46,3.8501476017100584,46.0,45.93695174470706,PRIORITY_REFRESH,STALE_CONTENT_HIGH_LOSS
url_f2d810a942dc73b3,client_23a62021009f63c4,2820,69,0.0,47,3.8712010109078907,47.0,44.16528134768682,PRIORITY_REFRESH,STALE_CONTENT_HIGH_LOSS
url_020eabeaf1e5f617,client_e547b89c05043229,1342,56,0.0,42,3.7612001156935624,42.0,43.95054283373516,PRIORITY_REFRESH,STALE_CONTENT_HIGH_LOSS
url_8c63e8388b4aa5af,client_8ddc46da5414ffd8,2414,91,0.0,55,4.02535169073515,55.0,43.315882718124676,PRIORITY_REFRESH,STALE_CONTENT_HIGH_LOSS
url_4bc9575dc0732b78,client_0fa64a184f18a4a0,2749,79,0.0,37,3.6375861597263857,37.0,42.80106807286075,PRIORITY_REFRESH,STALE_CONTENT_HIGH_LOSS
url_84d219d7db2f01c4,client_73cda7b4e4f265ea,2815,54,0.0,38,3.6635616461296463,38.0,41.797820511007686,PRIORITY_REFRESH,STALE_CONTENT_HIGH_LOSS
url_34d28e99f4a1a25f,client_8ddc46da5414ffd8,2812,79,0.0,44,3.8066624897703196,44.0,41.1549580499738,PRIORITY_REFRESH,STALE_CONTENT_HIGH_LOSS
url_4cc67e5bc6236ee4,client_0fa64a184f18a4a0,2535,91,0.0,44,3.8066624897703196,44.0,40.633471661005636,PRIORITY_REFRESH,STALE_CONTENT_HIGH_LOSS
url_65ada558ccd332c4,client_23a62021009f63c4,3477,69,0.0,44,3.8066624897703196,44.0,38.330608504120534,PRIORITY_REFRESH,STALE_CONTENT_HIGH_LOSS
url_884a435bf22a44b3,client_e5c2aa26a8598242,2838,70,0.0,38,3.6635616461296463,38.0,37.86020489213968,PRIORITY_REFRESH,STALE_CONTENT_HIGH_LOSS
url_31750e922fd83f18,client_86ebc2f12c01f586,2948,49,0.0,35,3.58351893845611,35.0,36.958205931616334,PRIORITY_REFRESH,STALE_CONTENT_HIGH_LOSS
url_eca652675a6cb8e1,client_e547b89c05043229,3233,49,0.0,35,3.58351893845611,35.0,36.958205931616334,PRIORITY_REFRESH,STALE_CONTENT_HIGH_LOSS
url_f56e5e5d46b5a8ce,client_e5c2aa26a8598242,2740,58,0.0,32,3.4965075614664802,32.0,36.89161760916946,PRIORITY_REFRESH,STALE_CONTENT_HIGH_LOSS
url_0353e967809f9ce6,client_23a62021009f63c4,3785,46,0.0,36,3.6109179126442243,36.0,36.58236583977331,PRIORITY_REFRESH,STALE_CONTENT_HIGH_LOSS
url_cd60116da6ccea82,client_86ebc2f12c01f586,1655,56,0.0,39,3.6888794541139363,39.0,36.50162540498294,PRIORITY_REFRESH,STALE_CONTENT_HIGH_LOSS
url_88364387a81de874,client_23a62021009f63c4,3075,62,0.0,34,3.5553480614894135,34.0,35.738888538215534,PRIORITY_REFRESH,STALE_CONTENT_HIGH_LOSS
url_3b3beba31fcfe0ec,client_20259bd6705d81d4,3731,91,0.0,33,3.5263605246161616,33.0,35.57920161176427,PRIORITY_REFRESH,STALE_CONTENT_HIGH_LOSS
url_580ebfadc7ed6001,client_e547b89c05043229,3097,68,0.0,33,3.5263605246161616,33.0,35.169313740634195,PRIORITY_REFRESH,STALE_CONTENT_HIGH_LOSS
url_fbaf1b5dfb31bad1,client_e547b89c05043229,1114,56,0.0,36,3.6109179126442243,36.0,34.951507747389684,PRIORITY_REFRESH,STALE_CONTENT_HIGH_LOSS
url_1d9f6a86351e5d25,client_8ddc46da5414ffd8,2568,91,0.0,42,3.7612001156935624,42.0,34.82021022557577,PRIORITY_REFRESH,STALE_CONTENT_HIGH_LOSS
url_77359ba72c0c749a,client_20259bd6705d81d4,3992,91,0.0,43,3.784189633918261,43.0,33.80420680903912,PRIORITY_REFRESH,STALE_CONTENT_HIGH_LOSS
url_ee38cd930627db0d,client_86ebc2f12c01f586,2838,70,0.0,32,3.4965075614664802,32.0,33.78419225481624,PRIORITY_REFRESH,STALE_CONTENT_HIGH_LOSS
url_8cd56fe0d432c990,client_86ebc2f12c01f586,3056,70,0.0,37,3.6375861597263857,37.0,33.76661163491404,PRIORITY_REFRESH,STALE_CONTENT_HIGH_LOSS
url_bf165a8284ab2df0,client_e547b89c05043229,2865,85,0.0,32,3.4965075614664802,32.0,33.722280363211155,PRIORITY_REFRESH,STALE_CONTENT_HIGH_LOSS
url_d015b9b7532e6e81,client_e547b89c05043229,2895,68,0.0,35,3.58351893845611,35.0,33.61225144462394,PRIORITY_REFRESH,STALE_CONTENT_HIGH_LOSS
url_29ea058f67694334,client_73cda7b4e4f265ea,1289,54,0.0,33,3.5263605246161616,33.0,33.17682722030721,PRIORITY_REFRESH,STALE_CONTENT_HIGH_LOSS
url_53d9925ad6b610fd,client_08a6a72ff48e62c0,0,122,0.0,32,3.4965075614664802,32.0,33.09839319934852,PRIORITY_REFRESH,STALE_CONTENT_HIGH_LOSS
url_d970f239a223b12b,client_e547b89c05043229,2716,96,0.0,32,3.4965075614664802,32.0,33.03027561919065,PRIORITY_REFRESH,STALE_CONTENT_HIGH_LOSS
url_964d86e4e2da4b7c,client_23a62021009f63c4,3251,58,0.0,30,3.4339872044851463,30.0,32.818466733829425,PRIORITY_REFRESH,STALE_CONTENT_HIGH_LOSS
url_8fb9b7976406c0ed,client_06d356715a8ff3b6,2361,69,0.0,32,3.4965075614664802,32.0,32.739349448729854,PRIORITY_REFRESH,STALE_CONTENT_HIGH_LOSS
url_cdc791468259c1dd,client_86ebc2f12c01f586,2896,49,0.0,34,3.5553480614894135,34.0,32.447777985791134,PRIORITY_REFRESH,STALE_CONTENT_HIGH_LOSS
url_17495b0e09cac640,client_e547b89c05043229,3140,50,0.0,34,3.5553480614894135,34.0,32.447777985791134,PRIORITY_REFRESH,STALE_CONTENT_HIGH_LOSS
url_f998730e073ce151,client_1a8bf67cad4ee525,2409,49,0.0,34,3.5553480614894135,34.0,32.13356938131841,PRIORITY_REFRESH,STALE_CONTENT_HIGH_LOSS
url_ffa32b06f98b0049,client_73cda7b4e4f265ea,1856,54,0.0,34,3.5553480614894135,34.0,32.064848627598295,PRIORITY_REFRESH,STALE_CONTENT_HIGH_LOSS
url_901f75b41042a908,client_20259bd6705d81d4,3272,91,0.0,31,3.4657359027997265,31.0,31.491753591204496,PRIORITY_REFRESH,STALE_CONTENT_HIGH_LOSS
url_265dfe532ae157ab,client_8ddc46da5414ffd8,3142,91,0.0,31,3.4657359027997265,31.0,31.491753591204496,PRIORITY_REFRESH,STALE_CONTENT_HIGH_LOSS
url_f24648da3f22224b,client_20259bd6705d81d4,3418,91,0.0,31,3.4657359027997265,31.0,31.491753591204496,PRIORITY_REFRESH,STALE_CONTENT_HIGH_LOSS
url_8ac099a0d2fb130a,client_73cda7b4e4f265ea,1696,54,0.0,32,3.4965075614664802,32.0,31.37008715062449,PRIORITY_REFRESH,STALE_CONTENT_HIGH_LOSS
url_26765bde9978e0f6,client_86ebc2f12c01f586,1690,50,0.0,32,3.4965075614664802,32.0,31.37008715062449,PRIORITY_REFRESH,STALE_CONTENT_HIGH_LOSS
url_14c1684bcebe21b5,client_73cda7b4e4f265ea,1167,54,0.0,32,3.4965075614664802,32.0,31.37008715062449,PRIORITY_REFRESH,STALE_CONTENT_HIGH_LOSS
url_8468a637deb019d4,client_b77d0d5f08f05e64,2100,56,0.0,32,3.4965075614664802,32.0,31.17666628220311,PRIORITY_REFRESH,STALE_CONTENT_HIGH_LOSS
url_38eb7bce9297b4c7,client_e547b89c05043229,2862,68,0.0,30,3.4339872044851463,30.0,31.161674859527185,PRIORITY_REFRESH,STALE_CONTENT_HIGH_LOSS
url_21ba4225fd2cc998,client_b77d0d5f08f05e64,1769,56,0.0,32,3.4965075614664802,32.0,31.107945528483,PRIORITY_REFRESH,STALE_CONTENT_HIGH_LOSS
url_0041190cb5513925,client_e5c2aa26a8598242,2609,70,0.0,31,3.4657359027997265,31.0,30.98260773986809,PRIORITY_REFRESH,STALE_CONTENT_HIGH_LOSS
url_15e01650d807f3e5,client_73cda7b4e4f265ea,2153,54,0.0,31,3.4657359027997265,31.0,30.580623782195808,PRIORITY_REFRESH,STALE_CONTENT_HIGH_LOSS
url_f3e3ad1ed09267fb,client_73cda7b4e4f265ea,1038,54,0.0,31,3.4657359027997265,31.0,30.511903028475697,PRIORITY_REFRESH,STALE_CONTENT_HIGH_LOSS
url_5066c6385e05d0d5,client_86ebc2f12c01f586,2836,49,0.0,31,3.4657359027997265,31.0,30.281650558940175,PRIORITY_REFRESH,STALE_CONTENT_HIGH_LOSS
url_0da0de97ab5602c4,client_e5c2aa26a8598242,2418,70,0.0,29,3.4011973816621555,29.0,29.307044293328,PRIORITY_REFRESH,STALE_CONTENT_HIGH_LOSS
url_7a4cca66abbfbbfb,client_86ebc2f12c01f586,2650,79,0.0,29,3.4011973816621555,29.0,29.289777209623086,PRIORITY_REFRESH,STALE_CONTENT_HIGH_LOSS
url_aa2920b719bb159f,client_e547b89c05043229,2950,68,0.0,29,3.4011973816621555,29.0,29.23108359168392,PRIORITY_REFRESH,STALE_CONTENT_HIGH_LOSS
url_6a788b9c896c9c00,client_8ddc46da5414ffd8,3257,91,0.0,35,3.58351893845611,35.0,29.118144927366494,PRIORITY_REFRESH,STALE_CONTENT_HIGH_LOSS
url_cbec6fb790588b7b,client_73cda7b4e4f265ea,1205,54,0.0,29,3.4011973816621555,29.0,28.9918815446886,PRIORITY_REFRESH,STALE_CONTENT_HIGH_LOSS
url_1aa6e9538b3d46c3,client_20259bd6705d81d4,4039,91,0.0,37,3.6375861597263857,37.0,28.89844393707969,PRIORITY_REFRESH,STALE_CONTENT_HIGH_LOSS
url_fbfa58bc7cae09a7,client_8ddc46da5414ffd8,3150,79,0.0,37,3.6375861597263857,37.0,28.74230483552346,PRIORITY_REFRESH,STALE_CONTENT_HIGH_LOSS
url_1ba5b820b78b2c41,client_8ddc46da5414ffd8,2901,79,0.0,28,3.367295829986474,28.0,28.3484455010652,PRIORITY_REFRESH,STALE_CONTENT_HIGH_LOSS
url_112708acca98967e,client_73cda7b4e4f265ea,1702,54,0.0,28,3.367295829986474,28.0,28.02413439739637,PRIORITY_REFRESH,STALE_CONTENT_HIGH_LOSS
url_3e34d0bb85dfd5df,client_8ddc46da5414ffd8,2902,58,0.0,26,3.295836866004329,26.0,27.83448678428473,PRIORITY_REFRESH,STALE_CONTENT_HIGH_LOSS
url_de766a155f3dbc91,client_e547b89c05043229,2674,58,0.0,25,3.258096538021482,25.0,27.696818989764385,PRIORITY_REFRESH,STALE_CONTENT_HIGH_LOSS
url_05b4ed6910d12f0e,client_e547b89c05043229,3111,55,0.0,28,3.367295829986474,28.0,27.68907900079924,PRIORITY_REFRESH,STALE_CONTENT_HIGH_LOSS
url_bdd186a721a04478,client_86ebc2f12c01f586,3001,70,0.0,27,3.332204510175204,27.0,27.373166053325892,PRIORITY_REFRESH,STALE_CONTENT_HIGH_LOSS
url_1701d60c3f091eab,client_0fa64a184f18a4a0,3474,91,0.0,27,3.332204510175204,27.0,27.35014077137546,PRIORITY_REFRESH,STALE_CONTENT_HIGH_LOSS
url_9e2b3c5db05a14fd,client_e547b89c05043229,2759,85,0.0,25,3.258096538021482,25.0,27.279296918977693,PRIORITY_REFRESH,STALE_CONTENT_HIGH_LOSS
url_3d6512c4a9109319,client_0fa64a184f18a4a0,2756,91,0.0,25,3.258096538021482,25.0,27.279296918977693,PRIORITY_REFRESH,STALE_CONTENT_HIGH_LOSS
url_d648524aa3ffe08f,client_73cda7b4e4f265ea,1843,50,0.0,27,3.332204510175204,27.0,27.075244297724044,PRIORITY_REFRESH,STALE_CONTENT_HIGH_LOSS
url_deb0557dc92caf5b,client_73cda7b4e4f265ea,1938,56,0.0,27,3.332204510175204,27.0,26.786121274637253,PRIORITY_REFRESH,STALE_CONTENT_HIGH_LOSS
url_9242b783ae2d686f,client_0fa64a184f18a4a0,2808,91,0.0,26,3.295836866004329,26.0,26.38316092406127,PRIORITY_REFRESH,STALE_CONTENT_HIGH_LOSS
url_329cbb289ad0f588,client_86ebc2f12c01f586,2727,91,0.0,24,3.2188758248682006,24.0,26.376418389854535,PRIORITY_REFRESH,STALE_CONTENT_HIGH_LOSS
url_f4d9ff4646d5d681,client_23a62021009f63c4,2293,54,0.0,26,3.295836866004329,26.0,26.074447728971684,PRIORITY_REFRESH,STALE_CONTENT_HIGH_LOSS
url_d146414964749cc4,client_20259bd6705d81d4,4107,91,0.0,52,3.970291913552122,52.0,25.968686384711905,PRIORITY_REFRESH,STALE_CONTENT_HIGH_LOSS
url_13718a76ea4717cd,client_73cda7b4e4f265ea,2301,69,0.0,26,3.295836866004329,26.0,25.869111712605424,PRIORITY_REFRESH,STALE_CONTENT_HIGH_LOSS
url_1843f6d2971885c1,client_8ddc46da5414ffd8,3196,51,0.0,26,3.295836866004329,26.0,25.654661570132845,PRIORITY_REFRESH,STALE_CONTENT_HIGH_LOSS
url_d88bf9907b362f0b,client_8ddc46da5414ffd8,2320,91,0.0,25,3.258096538021482,25.0,25.003564493679157,PRIORITY_REFRESH,STALE_CONTENT_HIGH_LOSS
url_41a152ac57efd83e,client_62f4a7e64f5e0096,2648,47,0.0,25,3.258096538021482,25.0,24.99746811484958,PRIORITY_REFRESH,STALE_CONTENT_HIGH_LOSS
url_d2d315591cc08543,client_1a730cb2640a1abf,2520,70,0.0,25,3.258096538021482,25.0,24.98791767071235,PRIORITY_REFRESH,STALE_CONTENT_HIGH_LOSS
url_1774e6ebf8976680,client_73cda7b4e4f265ea,1078,54,0.0,25,3.258096538021482,25.0,24.966202638291197,PRIORITY_REFRESH,STALE_CONTENT_HIGH_LOSS
url_6aca10d0c89bf495,client_8ddc46da5414ffd8,2980,91,0.0,25,3.258096538021482,25.0,24.786193204635342,PRIORITY_REFRESH,STALE_CONTENT_HIGH_LOSS
url_5e1083a0e3a8487f,client_8ddc46da5414ffd8,2949,91,0.0,25,3.258096538021482,25.0,24.786193204635342,PRIORITY_REFRESH,STALE_CONTENT_HIGH_LOSS
url_f0bc617d05b0d434,client_8ddc46da5414ffd8,3375,91,0.0,25,3.258096538021482,25.0,24.786193204635342,PRIORITY_REFRESH,STALE_CONTENT_HIGH_LOSS
url_bad2f77d17897f9e,client_e547b89c05043229,2690,68,0.0,25,3.258096538021482,25.0,24.7390510289952,PRIORITY_REFRESH,STALE_CONTENT_HIGH_LOSS
url_240f6ccee5dea681,client_8ddc46da5414ffd8,2766,91,0.0,25,3.258096538021482,25.0,24.71956337174604,PRIORITY_REFRESH,STALE_CONTENT_HIGH_LOSS
url_5686c823ca18e19f,client_86ebc2f12c01f586,2686,64,0.0,25,3.258096538021482,25.0,24.6595282715556,PRIORITY_REFRESH,STALE_CONTENT_HIGH_LOSS
url_e1551971a0682be3,client_e5c2aa26a8598242,2748,69,0.0,16,2.833213344056216,16.0,24.18625309875179,PRIORITY_REFRESH,STALE_CONTENT_HIGH_LOSS
url_97ba65d822421faa,client_1a730cb2640a1abf,2613,70,0.0,24,3.2188758248682006,24.0,23.976603663608667,PRIORITY_REFRESH,STALE_CONTENT_HIGH_LOSS
url_a5001ffdb9b29ed8,client_62f4a7e64f5e0096,0,47,0.0,24,3.2188758248682006,24.0,23.963408655663844,PRIORITY_REFRESH,STALE_CONTENT_HIGH_LOSS
url_0c93cc42193ff9f4,client_a80fca3f171ed1de,2738,79,0.0,22,3.1354942159291497,22.0,23.926395701082185,PRIORITY_REFRESH,STALE_CONTENT_HIGH_LOSS
url_0751febb5e4f9aa7,client_23a62021009f63c4,3409,69,0.0,24,3.2188758248682006,24.0,23.76646823617387,PRIORITY_REFRESH,STALE_CONTENT_HIGH_LOSS
url_d910e598228d1859,client_23a62021009f63c4,3434,65,0.0,24,3.2188758248682006,24.0,23.763171382119662,PRIORITY_REFRESH,STALE_CONTENT_HIGH_LOSS
url_7adcf692e7a3f9c9,client_e547b89c05043229,2806,68,0.0,24,3.2188758248682006,24.0,23.741367475540113,PRIORITY_REFRESH,STALE_CONTENT_HIGH_LOSS
url_d8fbfda08fc124c1,client_23a62021009f63c4,3233,56,0.0,24,3.2188758248682006,24.0,23.62999620132492,PRIORITY_REFRESH,STALE_CONTENT_HIGH_LOSS
url_a02481194ca20b15,client_86ebc2f12c01f586,3080,79,0.0,49,3.912023005428146,49.0,23.518686250569452,PRIORITY_REFRESH,STALE_CONTENT_HIGH_LOSS
url_8005b3a03bcef01e,client_20259bd6705d81d4,4205,91,0.0,45,3.828641396489095,45.0,23.243107392899486,PRIORITY_REFRESH,STALE_CONTENT_HIGH_LOSS
url_8547562b66438b65,client_08a6a72ff48e62c0,2761,69,0.0,21,3.091042453358316,21.0,23.09176769605546,PRIORITY_REFRESH,STALE_CONTENT_HIGH_LOSS
url_39268a30cccf6715,client_23a62021009f63c4,3972,58,0.0,21,3.091042453358316,21.0,22.995092891419034,PRIORITY_REFRESH,STALE_CONTENT_HIGH_LOSS
url_4db9681b0e19c169,client_62f4a7e64f5e0096,2307,44,0.0,23,3.1780538303479458,23.0,22.980406253745485,PRIORITY_REFRESH,STALE_CONTENT_HIGH_LOSS
url_730bd8cae0133140,client_e547b89c05043229,1116,54,0.0,23,3.1780538303479458,23.0,22.947354376203442,PRIORITY_REFRESH,STALE_CONTENT_HIGH_LOSS
url_376f25d20bd60412,client_86ebc2f12c01f586,1760,50,0.0,23,3.1780538303479458,23.0,22.947354376203442,PRIORITY_REFRESH,STALE_CONTENT_HIGH_LOSS
url_b25cb7196d3b5986,client_0fa64a184f18a4a0,2652,91,0.0,23,3.1780538303479458,23.0,22.90639407685414,PRIORITY_REFRESH,STALE_CONTENT_HIGH_LOSS
url_e2c6c0368d66394a,client_86ebc2f12c01f586,2847,79,0.0,23,3.1780538303479458,23.0,22.874656996439423,PRIORITY_REFRESH,STALE_CONTENT_HIGH_LOSS
url_e3266d81e983cbf9,client_8ddc46da5414ffd8,3055,91,0.0,23,3.1780538303479458,23.0,22.809582877484456,PRIORITY_REFRESH,STALE_CONTENT_HIGH_LOSS
url_33cc79989e9d9f58,client_86ebc2f12c01f586,2931,79,0.0,23,3.1780538303479458,23.0,22.809582877484456,PRIORITY_REFRESH,STALE_CONTENT_HIGH_LOSS
url_438527c7e69ce06e,client_86ebc2f12c01f586,3045,70,0.0,23,3.1780538303479458,23.0,22.802930175855746,PRIORITY_REFRESH,STALE_CONTENT_HIGH_LOSS
url_85b65501930026d7,client_06d356715a8ff3b6,2277,69,0.0,23,3.1780538303479458,23.0,22.774896667791122,PRIORITY_REFRESH,STALE_CONTENT_HIGH_LOSS
url_221c4baf9b95d726,client_86ebc2f12c01f586,3273,64,0.0,23,3.1780538303479458,23.0,22.698439999162265,PRIORITY_REFRESH,STALE_CONTENT_HIGH_LOSS
url_dfdc94cb12ab93f9,client_e547b89c05043229,2917,64,0.0,23,3.1780538303479458,23.0,22.698439999162265,PRIORITY_REFRESH,STALE_CONTENT_HIGH_LOSS
url_152ec0583dab8620,client_8ddc46da5414ffd8,2912,50,0.0,23,3.1780538303479458,23.0,22.69103511268853,PRIORITY_REFRESH,STALE_CONTENT_HIGH_LOSS
url_3837835ba5420b48,client_8ddc46da5414ffd8,3127,54,0.0,23,3.1780538303479458,23.0,22.69103511268853,PRIORITY_REFRESH,STALE_CONTENT_HIGH_LOSS
url_8b0a5e5faafac990,client_23a62021009f63c4,3348,58,0.0,20,3.044522437723423,20.0,22.049694909247343,PRIORITY_REFRESH,STALE_CONTENT_HIGH_LOSS
url_1c18409389c12411,client_73cda7b4e4f265ea,997,54,0.0,22,3.1354942159291497,22.0,21.976657033820583,PRIORITY_REFRESH,STALE_CONTENT_HIGH_LOSS
url_cfec965bf87b6205,client_06d356715a8ff3b6,2197,79,0.0,22,3.1354942159291497,22.0,21.890704423226854,PRIORITY_REFRESH,STALE_CONTENT_HIGH_LOSS
url_bb7342049458db1b,client_0fa64a184f18a4a0,2525,91,0.0,22,3.1354942159291497,22.0,21.881710301888756,PRIORITY_REFRESH,STALE_CONTENT_HIGH_LOSS
url_423402ba617eddf5,client_20259bd6705d81d4,3003,91,0.0,22,3.1354942159291497,22.0,21.83153756194138,PRIORITY_REFRESH,STALE_CONTENT_HIGH_LOSS
url_ad2418f927e44911,client_e547b89c05043229,3111,96,0.0,22,3.1354942159291497,22.0,21.83153756194138,PRIORITY_REFRESH,STALE_CONTENT_HIGH_LOSS
url_104e45f0fa18c819,client_8ddc46da5414ffd8,3416,91,0.0,22,3.1354942159291497,22.0,21.83153756194138,PRIORITY_REFRESH,STALE_CONTENT_HIGH_LOSS
url_2999efbf84f54535,client_20259bd6705d81d4,3671,91,0.0,22,3.1354942159291497,22.0,21.83153756194138,PRIORITY_REFRESH,STALE_CONTENT_HIGH_LOSS
url_607fcdbcca6497db,client_73cda7b4e4f265ea,2749,53,0.0,13,2.639057329615259,13.0,21.80039824280955,PRIORITY_REFRESH,STALE_CONTENT_HIGH_LOSS
url_617b780a04b8b458,client_8ddc46da5414ffd8,2735,49,0.0,19,2.995732273553991,19.0,21.738443868089902,PRIORITY_REFRESH,STALE_CONTENT_HIGH_LOSS
url_1691a5a8a283efbf,client_23a62021009f63c4,3084,54,0.0,22,3.1354942159291497,22.0,21.690168047660592,PRIORITY_REFRESH,STALE_CONTENT_HIGH_LOSS
url_bb8dbd006ea6181d,client_8ddc46da5414ffd8,3230,56,0.0,22,3.1354942159291497,22.0,21.648401357158026,PRIORITY_REFRESH,STALE_CONTENT_HIGH_LOSS
url_87cc0406d4ff58f9,client_23a62021009f63c4,3135,58,0.0,19,2.995732273553991,19.0,21.087560662253836,PRIORITY_REFRESH,STALE_CONTENT_HIGH_LOSS
url_ad4be410cccade12,client_86ebc2f12c01f586,2451,49,0.0,21,3.091042453358316,21.0,21.00074377682816,PRIORITY_REFRESH,STALE_CONTENT_HIGH_LOSS
url_ea11b0b580974ea2,client_73cda7b4e4f265ea,1840,54,0.0,21,3.091042453358316,21.0,20.999515847172336,PRIORITY_REFRESH,STALE_CONTENT_HIGH_LOSS
url_2442ee123744c281,client_06d356715a8ff3b6,2308,79,0.0,21,3.091042453358316,21.0,20.932240374078486,PRIORITY_REFRESH,STALE_CONTENT_HIGH_LOSS
url_7983e14b37864269,client_0fa64a184f18a4a0,2585,91,0.0,21,3.091042453358316,21.0,20.923246252740388,PRIORITY_REFRESH,STALE_CONTENT_HIGH_LOSS
url_07162c8d029c7bf9,client_23a62021009f63c4,2511,58,0.0,18,2.9444389791664403,18.0,20.907637001795415,PRIORITY_REFRESH,STALE_CONTENT_HIGH_LOSS
url_6eda889e69428a12,client_0fa64a184f18a4a0,2855,91,0.0,21,3.091042453358316,21.0,20.885546138452202,PRIORITY_REFRESH,STALE_CONTENT_HIGH_LOSS
url_2f29000be8b7d811,client_e5c2aa26a8598242,2845,70,0.0,21,3.091042453358316,21.0,20.873519527540413,PRIORITY_REFRESH,STALE_CONTENT_HIGH_LOSS
url_3a7e53ac0a781b49,client_20259bd6705d81d4,3509,91,0.0,21,3.091042453358316,21.0,20.851701689058366,PRIORITY_REFRESH,STALE_CONTENT_HIGH_LOSS
url_e73a7db104cb76c0,client_8ddc46da5414ffd8,2957,79,0.0,21,3.091042453358316,21.0,20.851701689058366,PRIORITY_REFRESH,STALE_CONTENT_HIGH_LOSS
url_74a52fb3aa4fdf6b,client_86ebc2f12c01f586,3188,91,0.0,21,3.091042453358316,21.0,20.851701689058366,PRIORITY_REFRESH,STALE_CONTENT_HIGH_LOSS
url_1e3e3a9d608052ba,client_8ddc46da5414ffd8,2968,91,0.0,21,3.091042453358316,21.0,20.851701689058366,PRIORITY_REFRESH,STALE_CONTENT_HIGH_LOSS
url_a2a7977ceaeec35f,client_8ddc46da5414ffd8,2924,79,0.0,21,3.091042453358316,21.0,20.851701689058366,PRIORITY_REFRESH,STALE_CONTENT_HIGH_LOSS
url_8133c00fa4a894db,client_8ddc46da5414ffd8,3349,50,0.0,21,3.091042453358316,21.0,20.697983306339957,PRIORITY_REFRESH,STALE_CONTENT_HIGH_LOSS
url_0968f81eae92bb68,client_23a62021009f63c4,3090,56,0.0,21,3.091042453358316,21.0,20.65621661583739,PRIORITY_REFRESH,STALE_CONTENT_HIGH_LOSS
url_68225748bd24f44e,client_20259bd6705d81d4,4079,91,0.0,20,3.044522437723423,20.0,20.36642721152813,PRIORITY_REFRESH,STALE_CONTENT_HIGH_LOSS
url_37c2a1740052ff3d,client_e5c2aa26a8598242,5845,56,0.0,20,3.044522437723423,20.0,20.17839255490567,PRIORITY_REFRESH,STALE_CONTENT_HIGH_LOSS
url_981ad184dc56e904,client_62f4a7e64f5e0096,0,47,0.0,20,3.044522437723423,20.0,19.953830071566014,PRIORITY_REFRESH,STALE_CONTENT_HIGH_LOSS
url_716d9df558cbc544,client_86ebc2f12c01f586,1844,50,0.0,20,3.044522437723423,20.0,19.953830071566014,PRIORITY_REFRESH,STALE_CONTENT_HIGH_LOSS
url_42cf8c0751b74911,client_08a6a72ff48e62c0,2564,58,0.0,17,2.8903717578961645,17.0,19.935907938205066,PRIORITY_REFRESH,STALE_CONTENT_HIGH_LOSS
url_87193fd6b5ba2563,client_0fa64a184f18a4a0,2261,91,0.0,20,3.044522437723423,20.0,19.935171683350646,PRIORITY_REFRESH,STALE_CONTENT_HIGH_LOSS
url_8f6d4dc36efb6b55,client_e547b89c05043229,2538,85,0.0,20,3.044522437723423,20.0,19.926177562012548,PRIORITY_REFRESH,STALE_CONTENT_HIGH_LOSS
url_3b0a809ecd115d64,client_0fa64a184f18a4a0,2624,91,0.0,20,3.044522437723423,20.0,19.926177562012548,PRIORITY_REFRESH,STALE_CONTENT_HIGH_LOSS
url_c913336a9426b188,client_a80fca3f171ed1de,2869,91,0.0,20,3.044522437723423,20.0,19.892196831072727,PRIORITY_REFRESH,STALE_CONTENT_HIGH_LOSS
url_0838518865179c56,client_8ddc46da5414ffd8,2982,79,0.0,20,3.044522437723423,20.0,19.892196831072727,PRIORITY_REFRESH,STALE_CONTENT_HIGH_LOSS
url_57570de789cb769f,client_23a62021009f63c4,3357,91,0.0,20,3.044522437723423,20.0,19.891512233542368,PRIORITY_REFRESH,STALE_CONTENT_HIGH_LOSS
url_e04520ecbd6976a5,client_8ddc46da5414ffd8,3211,91,0.0,20,3.044522437723423,20.0,19.891512233542368,PRIORITY_REFRESH,STALE_CONTENT_HIGH_LOSS
url_fce3082337080450,client_20259bd6705d81d4,3591,91,0.0,20,3.044522437723423,20.0,19.891512233542368,PRIORITY_REFRESH,STALE_CONTENT_HIGH_LOSS
url_7beb7de850134b24,client_e547b89c05043229,3130,96,0.0,20,3.044522437723423,20.0,19.891512233542368,PRIORITY_REFRESH,STALE_CONTENT_HIGH_LOSS
url_6f0be04e83ca95e7,client_8ddc46da5414ffd8,3081,79,0.0,20,3.044522437723423,20.0,19.891512233542368,PRIORITY_REFRESH,STALE_CONTENT_HIGH_LOSS
url_b53847bd9a9b0823,client_8ddc46da5414ffd8,3104,79,0.0,20,3.044522437723423,20.0,19.891512233542368,PRIORITY_REFRESH,STALE_CONTENT_HIGH_LOSS
url_0855ab1f527fc6c4,client_86ebc2f12c01f586,2965,70,0.0,20,3.044522437723423,20.0,19.885487174167253,PRIORITY_REFRESH,STALE_CONTENT_HIGH_LOSS
url_eea26632fb256068,client_e5c2aa26a8598242,3362,70,0.0,20,3.044522437723423,20.0,19.885487174167253,PRIORITY_REFRESH,STALE_CONTENT_HIGH_LOSS
url_26989303c6434a87,client_86ebc2f12c01f586,2855,70,0.0,20,3.044522437723423,20.0,19.881767790818888,PRIORITY_REFRESH,STALE_CONTENT_HIGH_LOSS
url_3d99394f072ba0d0,client_23a62021009f63c4,3161,69,0.0,20,3.044522437723423,20.0,19.848044991613232,PRIORITY_REFRESH,STALE_CONTENT_HIGH_LOSS
url_6fdc08c4acf886c2,client_23a62021009f63c4,3290,69,0.0,20,3.044522437723423,20.0,19.848044991613232,PRIORITY_REFRESH,STALE_CONTENT_HIGH_LOSS
url_522cf6d32fb3a1d5,client_86ebc2f12c01f586,2720,79,0.0,20,3.044522437723423,20.0,19.82684029181933,PRIORITY_REFRESH,STALE_CONTENT_HIGH_LOSS
url_c761d25fcbd4b149,client_73cda7b4e4f265ea,1283,56,0.0,20,3.044522437723423,20.0,19.7332547092092,PRIORITY_REFRESH,STALE_CONTENT_HIGH_LOSS
url_3f9f553c03200303,client_86ebc2f12c01f586,2741,79,0.0,11,2.4849066497880004,11.0,19.013814208352983,PRIORITY_REFRESH,STALE_CONTENT_HIGH_LOSS
url_b684a10e9c662dcd,client_e547b89c05043229,2747,68,0.0,11,2.4849066497880004,11.0,19.006814230838053,PRIORITY_REFRESH,STALE_CONTENT_HIGH_LOSS
url_339be9b4d6dcfcc2,client_3f0ce4d44fe94f3d,2076,48,0.0,19,2.995732273553991,19.0,18.972981756046835,PRIORITY_REFRESH,STALE_CONTENT_HIGH_LOSS
url_229ec344b526ac81,client_73cda7b4e4f265ea,1093,54,0.0,19,2.995732273553991,19.0,18.971753826391012,PRIORITY_REFRESH,STALE_CONTENT_HIGH_LOSS
url_76897a9d1ddf427f,client_62f4a7e64f5e0096,2491,47,0.0,19,2.995732273553991,19.0,18.935526478885105,PRIORITY_REFRESH,STALE_CONTENT_HIGH_LOSS
url_5afa8e200648a0c0,client_8ddc46da5414ffd8,3088,91,0.0,19,2.995732273553991,19.0,18.916785412851382,PRIORITY_REFRESH,STALE_CONTENT_HIGH_LOSS
url_cf1b410261bda125,client_8ddc46da5414ffd8,3223,91,0.0,19,2.995732273553991,19.0,18.916785412851382,PRIORITY_REFRESH,STALE_CONTENT_HIGH_LOSS
url_7cf4ab1f91ef54aa,client_86ebc2f12c01f586,3091,91,0.0,19,2.995732273553991,19.0,18.916785412851382,PRIORITY_REFRESH,STALE_CONTENT_HIGH_LOSS
url_f71372b8283e812e,client_1a730cb2640a1abf,2989,79,0.0,19,2.995732273553991,19.0,18.916785412851382,PRIORITY_REFRESH,STALE_CONTENT_HIGH_LOSS
url_a9cfa559df2b6912,client_20259bd6705d81d4,3614,91,0.0,19,2.995732273553991,19.0,18.916785412851382,PRIORITY_REFRESH,STALE_CONTENT_HIGH_LOSS
url_d45a686c705a1e52,client_86ebc2f12c01f586,2869,70,0.0,19,2.995732273553991,19.0,18.913157553886307,PRIORITY_REFRESH,STALE_CONTENT_HIGH_LOSS
url_b78a85fc4c390788,client_1a8bf67cad4ee525,2463,79,0.0,19,2.995732273553991,19.0,18.908694422528153,PRIORITY_REFRESH,STALE_CONTENT_HIGH_LOSS
url_20e7f54c35d184a2,client_0fa64a184f18a4a0,2371,91,0.0,19,2.995732273553991,19.0,18.908694422528153,PRIORITY_REFRESH,STALE_CONTENT_HIGH_LOSS
url_dd3ad8b0a4f7438e,client_3ffa76342f366962,754,91,0.0,19,2.995732273553991,19.0,18.90746649287233,PRIORITY_REFRESH,STALE_CONTENT_HIGH_LOSS
url_cde8bbbfec8e37e8,client_86ebc2f12c01f586,2604,91,0.0,19,2.995732273553991,19.0,18.899700301190055,PRIORITY_REFRESH,STALE_CONTENT_HIGH_LOSS
url_3e968a8f70448db9,client_a80fca3f171ed1de,2669,79,0.0,19,2.995732273553991,19.0,18.899700301190055,PRIORITY_REFRESH,STALE_CONTENT_HIGH_LOSS
url_473d3c0cd6aa056b,client_e5c2aa26a8598242,2564,91,0.0,19,2.995732273553991,19.0,18.899700301190055,PRIORITY_REFRESH,STALE_CONTENT_HIGH_LOSS
url_f44ba1d7f49f1e37,client_20259bd6705d81d4,2576,91,0.0,19,2.995732273553991,19.0,18.899700301190055,PRIORITY_REFRESH,STALE_CONTENT_HIGH_LOSS
url_0c9379ad3b604df5,client_e5c2aa26a8598242,2636,70,0.0,19,2.995732273553991,19.0,18.896878324940644,PRIORITY_REFRESH,STALE_CONTENT_HIGH_LOSS
url_f4328433b6811100,client_23a62021009f63c4,3332,69,0.0,19,2.995732273553991,19.0,18.875715371332287,PRIORITY_REFRESH,STALE_CONTENT_HIGH_LOSS
url_2dec38970b61785a,client_e5c2aa26a8598242,3010,69,0.0,19,2.995732273553991,19.0,18.875715371332287,PRIORITY_REFRESH,STALE_CONTENT_HIGH_LOSS
url_6fe6e7d783ad697e,client_86ebc2f12c01f586,3124,64,0.0,19,2.995732273553991,19.0,18.843483155004186,PRIORITY_REFRESH,STALE_CONTENT_HIGH_LOSS
url_f0253632b0bc1411,client_86ebc2f12c01f586,2950,64,0.0,19,2.995732273553991,19.0,18.843483155004186,PRIORITY_REFRESH,STALE_CONTENT_HIGH_LOSS
url_93f1de5d5eb894ec,client_8ddc46da5414ffd8,2711,91,0.0,19,2.995732273553991,19.0,18.800363030996838,PRIORITY_REFRESH,STALE_CONTENT_HIGH_LOSS
url_35257fa19b42081d,client_73cda7b4e4f265ea,1108,56,0.0,19,2.995732273553991,19.0,18.751178464034197,PRIORITY_REFRESH,STALE_CONTENT_HIGH_LOSS
url_2e6baff888a8c134,client_8ddc46da5414ffd8,3041,49,0.0,19,2.995732273553991,19.0,18.72525550139925,PRIORITY_REFRESH,STALE_CONTENT_HIGH_LOSS
url_874cb9735b9adc06,client_23a62021009f63c4,2914,54,0.0,19,2.995732273553991,19.0,18.72525550139925,PRIORITY_REFRESH,STALE_CONTENT_HIGH_LOSS
url_cf51c2d6e45648ef,client_73cda7b4e4f265ea,2815,54,0.0,19,2.995732273553991,19.0,18.65143132835966,PRIORITY_REFRESH,STALE_CONTENT_HIGH_LOSS
url_95ec6b277fd693e5,client_e5c2aa26a8598242,2747,49,0.0,10,2.3978952727983707,10.0,18.549378189038926,PRIORITY_REFRESH,STALE_CONTENT_HIGH_LOSS
url_9a770e1314161029,client_86ebc2f12c01f586,2746,56,0.0,10,2.3978952727983707,10.0,18.549378189038926,PRIORITY_REFRESH,STALE_CONTENT_HIGH_LOSS
url_d4e665b44813a7c7,client_8ddc46da5414ffd8,2740,79,0.0,16,2.833213344056216,16.0,18.10491090784341,PRIORITY_REFRESH,STALE_CONTENT_HIGH_LOSS
url_02a4a99682ae9b6a,client_23a62021009f63c4,4396,58,0.0,15,2.772588722239781,15.0,18.043806570443067,PRIORITY_REFRESH,STALE_CONTENT_HIGH_LOSS
url_7b0f450aa37a400e,client_e547b89c05043229,2827,85,0.0,18,2.9444389791664403,18.0,17.973898890364158,PRIORITY_REFRESH,STALE_CONTENT_HIGH_LOSS
url_fbe929c3b681ccb4,client_20259bd6705d81d4,3800,91,0.0,18,2.9444389791664403,18.0,17.965690209367192,PRIORITY_REFRESH,STALE_CONTENT_HIGH_LOSS
url_1f3b0f43af027ceb,client_e547b89c05043229,2150,54,0.0,18,2.9444389791664403,18.0,17.95302298380806,PRIORITY_REFRESH,STALE_CONTENT_HIGH_LOSS
url_8d728cff957107e5,client_73cda7b4e4f265ea,2265,50,0.0,18,2.9444389791664403,18.0,17.95302298380806,PRIORITY_REFRESH,STALE_CONTENT_HIGH_LOSS
url_8c1c1d41313688e0,client_73cda7b4e4f265ea,1624,50,0.0,18,2.9444389791664403,18.0,17.95179505415224,PRIORITY_REFRESH,STALE_CONTENT_HIGH_LOSS
url_cba140f86601805a,client_e547b89c05043229,1214,54,0.0,18,2.9444389791664403,18.0,17.95179505415224,PRIORITY_REFRESH,STALE_CONTENT_HIGH_LOSS
url_daeef225cf61f6d8,client_73cda7b4e4f265ea,1584,54,0.0,18,2.9444389791664403,18.0,17.95179505415224,PRIORITY_REFRESH,STALE_CONTENT_HIGH_LOSS
url_5b7e13dc1b5533af,client_73cda7b4e4f265ea,1589,54,0.0,18,2.9444389791664403,18.0,17.95179505415224,PRIORITY_REFRESH,STALE_CONTENT_HIGH_LOSS
url_72a360f345e1d830,client_62f4a7e64f5e0096,0,47,0.0,18,2.9444389791664403,18.0,17.95179505415224,PRIORITY_REFRESH,STALE_CONTENT_HIGH_LOSS
url_f86d5387ff243bbe,client_73cda7b4e4f265ea,2009,54,0.0,18,2.9444389791664403,18.0,17.95179505415224,PRIORITY_REFRESH,STALE_CONTENT_HIGH_LOSS
url_14480517ea474052,client_e5c2aa26a8598242,2385,70,0.0,18,2.9444389791664403,18.0,17.938049794191148,PRIORITY_REFRESH,STALE_CONTENT_HIGH_LOSS
url_d41b043a0247f513,client_e5c2aa26a8598242,2925,65,0.0,18,2.9444389791664403,18.0,17.92925288852777,PRIORITY_REFRESH,STALE_CONTENT_HIGH_LOSS
url_bf7884efa8d3479a,client_a80fca3f171ed1de,2613,79,0.0,18,2.9444389791664403,18.0,17.928329635350728,PRIORITY_REFRESH,STALE_CONTENT_HIGH_LOSS
url_82571c72bc0a723e,client_1a730cb2640a1abf,2496,70,0.0,18,2.9444389791664403,18.0,17.925507659101317,PRIORITY_REFRESH,STALE_CONTENT_HIGH_LOSS
url_a28eb34af7381da3,client_e5c2aa26a8598242,2536,70,0.0,18,2.9444389791664403,18.0,17.925507659101317,PRIORITY_REFRESH,STALE_CONTENT_HIGH_LOSS
url_e54e4b6eaf184faf,client_23a62021009f63c4,3771,69,0.0,18,2.9444389791664403,18.0,17.924620167848097,PRIORITY_REFRESH,STALE_CONTENT_HIGH_LOSS
url_bd249f1cda414863,client_23a62021009f63c4,3860,69,0.0,18,2.9444389791664403,18.0,17.924620167848097,PRIORITY_REFRESH,STALE_CONTENT_HIGH_LOSS
url_e7736955dbe547d7,client_62f4a7e64f5e0096,2637,45,0.0,18,2.9444389791664403,18.0,17.91367391813574,PRIORITY_REFRESH,STALE_CONTENT_HIGH_LOSS
url_4081eda688c199e1,client_1a8bf67cad4ee525,2552,49,0.0,18,2.9444389791664403,18.0,17.91367391813574,PRIORITY_REFRESH,STALE_CONTENT_HIGH_LOSS
url_c87555ec45a265c1,client_8ddc46da5414ffd8,2709,91,0.0,18,2.9444389791664403,18.0,17.91285890625363,PRIORITY_REFRESH,STALE_CONTENT_HIGH_LOSS
url_cd703dbac1f9dbf2,client_73cda7b4e4f265ea,2491,50,0.0,18,2.9444389791664403,18.0,17.9120196928946,PRIORITY_REFRESH,STALE_CONTENT_HIGH_LOSS
url_1a77dc41aad3b6ac,client_23a62021009f63c4,3005,62,0.0,18,2.9444389791664403,18.0,17.884737259048553,PRIORITY_REFRESH,STALE_CONTENT_HIGH_LOSS
url_e76319adabf8dd09,client_06d356715a8ff3b6,2178,69,0.0,18,2.9444389791664403,18.0,17.870125085671948,PRIORITY_REFRESH,STALE_CONTENT_HIGH_LOSS
url_a136ebf31240dc54,client_e547b89c05043229,2427,68,0.0,18,2.9444389791664403,18.0,17.830679052413178,PRIORITY_REFRESH,STALE_CONTENT_HIGH_LOSS
url_5e4debd6f4a1c039,client_8ddc46da5414ffd8,3065,44,0.0,18,2.9444389791664403,18.0,17.793989800877753,PRIORITY_REFRESH,STALE_CONTENT_HIGH_LOSS
url_98ab0bb2e57f743d,client_e547b89c05043229,2890,45,0.0,18,2.9444389791664403,18.0,17.793989800877753,PRIORITY_REFRESH,STALE_CONTENT_HIGH_LOSS
url_583ab1b88796797e,client_06d356715a8ff3b6,1578,56,0.0,18,2.9444389791664403,18.0,17.731219691795424,PRIORITY_REFRESH,STALE_CONTENT_HIGH_LOSS
url_b6dfab26b408c74a,client_20259bd6705d81d4,4097,91,0.0,17,2.8903717578961645,17.0,17.464615609724856,PRIORITY_REFRESH,STALE_CONTENT_HIGH_LOSS
url_ca51a90613186b39,client_23a62021009f63c4,2964,58,0.0,15,2.772588722239781,15.0,17.152225075583647,PRIORITY_REFRESH,STALE_CONTENT_HIGH_LOSS
url_83a50916b2bdb3a4,client_86ebc2f12c01f586,2935,79,0.0,17,2.8903717578961645,17.0,16.990385229269453,PRIORITY_REFRESH,STALE_CONTENT_HIGH_LOSS
url_862251d4e7fd632a,client_e547b89c05043229,2949,96,0.0,17,2.8903717578961645,17.0,16.990385229269453,PRIORITY_REFRESH,STALE_CONTENT_HIGH_LOSS
url_e342142fe5c1dc25,client_0fa64a184f18a4a0,3072,91,0.0,17,2.8903717578961645,17.0,16.989700631739094,PRIORITY_REFRESH,STALE_CONTENT_HIGH_LOSS
url_0b9518ab79fcc9f0,client_20259bd6705d81d4,3614,91,0.0,17,2.8903717578961645,17.0,16.989700631739094,PRIORITY_REFRESH,STALE_CONTENT_HIGH_LOSS
url_688ada9a948b44e7,client_8ddc46da5414ffd8,3312,91,0.0,17,2.8903717578961645,17.0,16.989700631739094,PRIORITY_REFRESH,STALE_CONTENT_HIGH_LOSS
url_6556664b9578569f,client_86ebc2f12c01f586,3171,79,0.0,17,2.8903717578961645,17.0,16.989700631739094,PRIORITY_REFRESH,STALE_CONTENT_HIGH_LOSS
url_fab56ea44ade50fe,client_8ddc46da5414ffd8,3179,79,0.0,17,2.8903717578961645,17.0,16.989700631739094,PRIORITY_REFRESH,STALE_CONTENT_HIGH_LOSS
url_12418eb6579cf211,client_8ddc46da5414ffd8,3066,91,0.0,17,2.8903717578961645,17.0,16.989700631739094,PRIORITY_REFRESH,STALE_CONTENT_HIGH_LOSS
url_577cb0bceb49d60b,client_86ebc2f12c01f586,2091,54,0.0,17,2.8903717578961645,17.0,16.981293920217713,PRIORITY_REFRESH,STALE_CONTENT_HIGH_LOSS
url_c7ef09d6a9cab7d1,client_73cda7b4e4f265ea,2279,54,0.0,17,2.8903717578961645,17.0,16.981293920217713,PRIORITY_REFRESH,STALE_CONTENT_HIGH_LOSS
url_c5ab0fdfb665610c,client_73cda7b4e4f265ea,2347,54,0.0,17,2.8903717578961645,17.0,16.981293920217713,PRIORITY_REFRESH,STALE_CONTENT_HIGH_LOSS
url_7f1df11b3a408ab0,client_8ddc46da5414ffd8,2404,50,0.0,17,2.8903717578961645,17.0,16.981293920217713,PRIORITY_REFRESH,STALE_CONTENT_HIGH_LOSS
url_d7209378afd55016,client_73cda7b4e4f265ea,2366,49,0.0,17,2.8903717578961645,17.0,16.981293920217713,PRIORITY_REFRESH,STALE_CONTENT_HIGH_LOSS
url_142d7f19f325918e,client_62f4a7e64f5e0096,0,47,0.0,17,2.8903717578961645,17.0,16.98006599056189,PRIORITY_REFRESH,STALE_CONTENT_HIGH_LOSS
url_6e176f78dd6e9f4a,client_73cda7b4e4f265ea,1685,50,0.0,17,2.8903717578961645,17.0,16.98006599056189,PRIORITY_REFRESH,STALE_CONTENT_HIGH_LOSS
url_09d8913592db03d0,client_73cda7b4e4f265ea,1882,54,0.0,17,2.8903717578961645,17.0,16.98006599056189,PRIORITY_REFRESH,STALE_CONTENT_HIGH_LOSS
url_85b9bd3aa80094ef,client_73cda7b4e4f265ea,1003,54,0.0,17,2.8903717578961645,17.0,16.98006599056189,PRIORITY_REFRESH,STALE_CONTENT_HIGH_LOSS
url_292d35f07eb520b5,client_73cda7b4e4f265ea,1882,50,0.0,17,2.8903717578961645,17.0,16.98006599056189,PRIORITY_REFRESH,STALE_CONTENT_HIGH_LOSS
url_4b0d5a5fa6b438af,client_73cda7b4e4f265ea,1481,50,0.0,17,2.8903717578961645,17.0,16.98006599056189,PRIORITY_REFRESH,STALE_CONTENT_HIGH_LOSS
url_79a8c535849a7450,client_62f4a7e64f5e0096,0,47,0.0,17,2.8903717578961645,17.0,16.98006599056189,PRIORITY_REFRESH,STALE_CONTENT_HIGH_LOSS
url_63c0d95e5ec4b041,client_f623b01661d4bfe4,1183,91,0.0,17,2.8903717578961645,17.0,16.97994367405642,PRIORITY_REFRESH,STALE_CONTENT_HIGH_LOSS
url_836071c2b14af0a1,client_e5c2aa26a8598242,2643,79,0.0,17,2.8903717578961645,17.0,16.96862946862241,PRIORITY_REFRESH,STALE_CONTENT_HIGH_LOSS
url_83eaaf9b18f85589,client_86ebc2f12c01f586,2680,70,0.0,17,2.8903717578961645,17.0,16.9634858218569,PRIORITY_REFRESH,STALE_CONTENT_HIGH_LOSS
url_0a9ff12595da9976,client_23a62021009f63c4,2869,69,0.0,17,2.8903717578961645,17.0,16.947799399949922,PRIORITY_REFRESH,STALE_CONTENT_HIGH_LOSS
url_cd4da530b9123bd8,client_23a62021009f63c4,3583,69,0.0,17,2.8903717578961645,17.0,16.947799399949922,PRIORITY_REFRESH,STALE_CONTENT_HIGH_LOSS
url_9076c2d72ac9ed4b,client_06d356715a8ff3b6,2351,69,0.0,17,2.8903717578961645,17.0,16.90810324842753,PRIORITY_REFRESH,STALE_CONTENT_HIGH_LOSS
url_5bdc067860b76884,client_06d356715a8ff3b6,2402,69,0.0,17,2.8903717578961645,17.0,16.90810324842753,PRIORITY_REFRESH,STALE_CONTENT_HIGH_LOSS
url_2666b0582fa69983,client_06d356715a8ff3b6,2292,69,0.0,17,2.8903717578961645,17.0,16.90810324842753,PRIORITY_REFRESH,STALE_CONTENT_HIGH_LOSS
url_ed5058fd612f7104,client_73cda7b4e4f265ea,2475,69,0.0,17,2.8903717578961645,17.0,16.90810324842753,PRIORITY_REFRESH,STALE_CONTENT_HIGH_LOSS
url_da9ced9c3a3007db,client_86ebc2f12c01f586,2972,64,0.0,17,2.8903717578961645,17.0,16.90590981715018,PRIORITY_REFRESH,STALE_CONTENT_HIGH_LOSS
url_0c27e56e8f373a57,client_e5c2aa26a8598242,2680,69,0.0,17,2.8903717578961645,17.0,16.8955611133377,PRIORITY_REFRESH,STALE_CONTENT_HIGH_LOSS
url_8b91e60d040c2b55,client_73cda7b4e4f265ea,2558,69,0.0,17,2.8903717578961645,17.0,16.8955611133377,PRIORITY_REFRESH,STALE_CONTENT_HIGH_LOSS
url_85619c4df2300b1d,client_86ebc2f12c01f586,2990,49,0.0,17,2.8903717578961645,17.0,16.830608469073894,PRIORITY_REFRESH,STALE_CONTENT_HIGH_LOSS
url_5148d3203e44ed68,client_86ebc2f12c01f586,2902,49,0.0,17,2.8903717578961645,17.0,16.830608469073894,PRIORITY_REFRESH,STALE_CONTENT_HIGH_LOSS
url_9999e48ce5d1fdc8,client_8ddc46da5414ffd8,3274,48,0.0,17,2.8903717578961645,17.0,16.830608469073894,PRIORITY_REFRESH,STALE_CONTENT_HIGH_LOSS
url_bf75da423c6dd29a,client_8ddc46da5414ffd8,3338,49,0.0,17,2.8903717578961645,17.0,16.830608469073894,PRIORITY_REFRESH,STALE_CONTENT_HIGH_LOSS
url_0dfb006b8f5b51cf,client_86ebc2f12c01f586,2913,49,0.0,17,2.8903717578961645,17.0,16.830608469073894,PRIORITY_REFRESH,STALE_CONTENT_HIGH_LOSS
url_39159a0e7c7c4a43,client_8ddc46da5414ffd8,2930,44,0.0,17,2.8903717578961645,17.0,16.830608469073894,PRIORITY_REFRESH,STALE_CONTENT_HIGH_LOSS
url_b72624be7b2ef440,client_b77d0d5f08f05e64,1861,56,0.0,17,2.8903717578961645,17.0,16.759490628205075,PRIORITY_REFRESH,STALE_CONTENT_HIGH_LOSS
url_bc44dade6f5098c1,client_06d356715a8ff3b6,1691,56,0.0,17,2.8903717578961645,17.0,16.759490628205075,PRIORITY_REFRESH,STALE_CONTENT_HIGH_LOSS
url_b6e6d94d85ac506b,client_8ddc46da5414ffd8,2847,51,0.0,17,2.8903717578961645,17.0,16.75830978036234,PRIORITY_REFRESH,STALE_CONTENT_HIGH_LOSS
url_0426b68cd49cd3c2,client_a80fca3f171ed1de,2723,91,0.0,14,2.70805020110221,14.0,16.493915325934598,PRIORITY_REFRESH,STALE_CONTENT_HIGH_LOSS
url_eb5cc98d5d2dccb3,client_20259bd6705d81d4,4692,91,0.0,16,2.833213344056216,16.0,16.474724298312463,PRIORITY_REFRESH,STALE_CONTENT_HIGH_LOSS
url_cc0e23dde6687b23,client_a80fca3f171ed1de,2735,91,0.0,14,2.70805020110221,14.0,16.353571131556567,PRIORITY_REFRESH,STALE_CONTENT_HIGH_LOSS
url_549155d22dd854b1,client_23a62021009f63c4,3741,58,0.0,14,2.70805020110221,14.0,16.19509259687253,PRIORITY_REFRESH,STALE_CONTENT_HIGH_LOSS
url_368b69409097d79c,client_e547b89c05043229,2579,58,0.0,13,2.639057329615259,13.0,16.042835052797642,PRIORITY_REFRESH,STALE_CONTENT_HIGH_LOSS
url_2b7aed1878831706,client_86ebc2f12c01f586,2959,70,0.0,16,2.833213344056216,16.0,16.016126815086302,PRIORITY_REFRESH,STALE_CONTENT_HIGH_LOSS
url_64b9b2a34515ca93,client_62f4a7e64f5e0096,2380,44,0.0,16,2.833213344056216,16.0,16.01105804876304,PRIORITY_REFRESH,STALE_CONTENT_HIGH_LOSS
url_5c8c92bb01949fcf,client_62f4a7e64f5e0096,2434,47,0.0,16,2.833213344056216,16.0,16.01105804876304,PRIORITY_REFRESH,STALE_CONTENT_HIGH_LOSS
url_a2155e43e15e519c,client_1a8bf67cad4ee525,2346,49,0.0,16,2.833213344056216,16.0,16.01105804876304,PRIORITY_REFRESH,STALE_CONTENT_HIGH_LOSS
url_97f690eb5a1240e0,client_73cda7b4e4f265ea,1803,54,0.0,16,2.833213344056216,16.0,16.009830119107217,PRIORITY_REFRESH,STALE_CONTENT_HIGH_LOSS
url_84fff1d91faa47fa,client_62f4a7e64f5e0096,0,47,0.0,16,2.833213344056216,16.0,16.009830119107217,PRIORITY_REFRESH,STALE_CONTENT_HIGH_LOSS
url_292cfd919fc6f1e9,client_73cda7b4e4f265ea,1126,54,0.0,16,2.833213344056216,16.0,16.009830119107217,PRIORITY_REFRESH,STALE_CONTENT_HIGH_LOSS
url_79745848d2484724,client_62f4a7e64f5e0096,0,47,0.0,16,2.833213344056216,16.0,16.009830119107217,PRIORITY_REFRESH,STALE_CONTENT_HIGH_LOSS
url_1e4b1b63094c4511,client_73cda7b4e4f265ea,1151,54,0.0,16,2.833213344056216,16.0,16.009830119107217,PRIORITY_REFRESH,STALE_CONTENT_HIGH_LOSS
url_8e4ccdb1e3789831,client_73cda7b4e4f265ea,921,54,0.0,16,2.833213344056216,16.0,16.009830119107217,PRIORITY_REFRESH,STALE_CONTENT_HIGH_LOSS
url_9ed50640155be178,client_73cda7b4e4f265ea,1734,48,0.0,16,2.833213344056216,16.0,16.009830119107217,PRIORITY_REFRESH,STALE_CONTENT_HIGH_LOSS
url_3604a0b73d68041c,client_62f4a7e64f5e0096,0,47,0.0,16,2.833213344056216,16.0,16.009830119107217,PRIORITY_REFRESH,STALE_CONTENT_HIGH_LOSS
url_fad3b3d2662f8dfb,client_73cda7b4e4f265ea,1619,54,0.0,16,2.833213344056216,16.0,16.009830119107217,PRIORITY_REFRESH,STALE_CONTENT_HIGH_LOSS
url_62a54595fa4975d8,client_8ddc46da5414ffd8,2807,91,0.0,16,2.833213344056216,16.0,16.002933869437523,PRIORITY_REFRESH,STALE_CONTENT_HIGH_LOSS
url_3e2a8ea3e2d6cae7,client_86ebc2f12c01f586,2802,79,0.0,16,2.833213344056216,16.0,16.002933869437523,PRIORITY_REFRESH,STALE_CONTENT_HIGH_LOSS
url_0bf66fde90ccc39c,client_8ddc46da5414ffd8,3161,91,0.0,16,2.833213344056216,16.0,15.9998093203267,PRIORITY_REFRESH,STALE_CONTENT_HIGH_LOSS
url_c2c901eb36120c71,client_0fa64a184f18a4a0,2863,91,0.0,16,2.833213344056216,16.0,15.9998093203267,PRIORITY_REFRESH,STALE_CONTENT_HIGH_LOSS
url_797afbc6b63338f7,client_e547b89c05043229,3127,96,0.0,16,2.833213344056216,16.0,15.9998093203267,PRIORITY_REFRESH,STALE_CONTENT_HIGH_LOSS
url_0a6e21f82136063c,client_8ddc46da5414ffd8,3161,91,0.0,16,2.833213344056216,16.0,15.9998093203267,PRIORITY_REFRESH,STALE_CONTENT_HIGH_LOSS
url_c0c25cca04669572,client_8ddc46da5414ffd8,3528,91,0.0,16,2.833213344056216,16.0,15.9998093203267,PRIORITY_REFRESH,STALE_CONTENT_HIGH_LOSS
url_7d104cdafb9b1b92,client_86ebc2f12c01f586,2935,91,0.0,16,2.833213344056216,16.0,15.9998093203267,PRIORITY_REFRESH,STALE_CONTENT_HIGH_LOSS
url_5f1c672f0f7ddcf4,client_0fa64a184f18a4a0,3067,91,0.0,16,2.833213344056216,16.0,15.9998093203267,PRIORITY_REFRESH,STALE_CONTENT_HIGH_LOSS
url_de86ecfb10cbc2a8,client_8ddc46da5414ffd8,2865,91,0.0,16,2.833213344056216,16.0,15.9998093203267,PRIORITY_REFRESH,STALE_CONTENT_HIGH_LOSS
url_f8b15de47b17fd80,client_8ddc46da5414ffd8,3022,91,0.0,16,2.833213344056216,16.0,15.9998093203267,PRIORITY_REFRESH,STALE_CONTENT_HIGH_LOSS
url_8ce105f56953b6e3,client_e547b89c05043229,2850,96,0.0,16,2.833213344056216,16.0,15.99954885394173,PRIORITY_REFRESH,STALE_CONTENT_HIGH_LOSS
url_a3d83afbc0026ade,client_e5c2aa26a8598242,2484,70,0.0,16,2.833213344056216,16.0,15.994994813222895,PRIORITY_REFRESH,STALE_CONTENT_HIGH_LOSS
url_13712ea2129f26f4,client_0fa64a184f18a4a0,2477,91,0.0,16,2.833213344056216,16.0,15.983075641403808,PRIORITY_REFRESH,STALE_CONTENT_HIGH_LOSS
url_e3f9946cc95acee6,client_a80fca3f171ed1de,2546,91,0.0,16,2.833213344056216,16.0,15.978282907199588,PRIORITY_REFRESH,STALE_CONTENT_HIGH_LOSS
url_c5358e0f29c7c202,client_e547b89c05043229,2482,96,0.0,16,2.833213344056216,16.0,15.978282907199588,PRIORITY_REFRESH,STALE_CONTENT_HIGH_LOSS
url_59eb1167bb06846a,client_62f4a7e64f5e0096,2577,47,0.0,16,2.833213344056216,16.0,15.977804158735196,PRIORITY_REFRESH,STALE_CONTENT_HIGH_LOSS
url_27f328d2a879e544,client_73cda7b4e4f265ea,2608,47,0.0,16,2.833213344056216,16.0,15.977804158735196,PRIORITY_REFRESH,STALE_CONTENT_HIGH_LOSS
url_156d3ca980bd5570,client_e547b89c05043229,3344,68,0.0,16,2.833213344056216,16.0,15.973659986740312,PRIORITY_REFRESH,STALE_CONTENT_HIGH_LOSS
url_97246d49cf4a0db8,client_86ebc2f12c01f586,3020,64,0.0,16,2.833213344056216,16.0,15.936795049732538,PRIORITY_REFRESH,STALE_CONTENT_HIGH_LOSS
url_89a8f5a71ad5fa86,client_86ebc2f12c01f586,3178,64,0.0,16,2.833213344056216,16.0,15.936795049732538,PRIORITY_REFRESH,STALE_CONTENT_HIGH_LOSS
url_ab9f94a82ba4dc60,client_86ebc2f12c01f586,3096,64,0.0,16,2.833213344056216,16.0,15.936795049732538,PRIORITY_REFRESH,STALE_CONTENT_HIGH_LOSS
url_698cae954d44c701,client_06d356715a8ff3b6,2201,69,0.0,16,2.833213344056216,16.0,15.931862838907914,PRIORITY_REFRESH,STALE_CONTENT_HIGH_LOSS
url_21e874832ac680bb,client_23a62021009f63c4,3010,62,0.0,16,2.833213344056216,16.0,15.929144357261094,PRIORITY_REFRESH,STALE_CONTENT_HIGH_LOSS
url_087a2ab6ae420b05,client_e547b89c05043229,2438,68,0.0,16,2.833213344056216,16.0,15.882709579303215,PRIORITY_REFRESH,STALE_CONTENT_HIGH_LOSS
url_bc7c74e311082258,client_e547b89c05043229,2576,68,0.0,16,2.833213344056216,16.0,15.877916845098994,PRIORITY_REFRESH,STALE_CONTENT_HIGH_LOSS
url_fb68df787ce9ad7b,client_73cda7b4e4f265ea,2728,47,0.0,13,2.639057329615259,13.0,15.87140339844953,PRIORITY_REFRESH,STALE_CONTENT_HIGH_LOSS
url_1546c56d23a8db8a,client_e547b89c05043229,2915,47,0.0,16,2.833213344056216,16.0,15.8674982397212,PRIORITY_REFRESH,STALE_CONTENT_HIGH_LOSS
url_6694f2c0ea06f02a,client_08a6a72ff48e62c0,3056,51,0.0,16,2.833213344056216,16.0,15.8674982397212,PRIORITY_REFRESH,STALE_CONTENT_HIGH_LOSS
url_b016439884eaa910,client_e547b89c05043229,2459,64,0.0,16,2.833213344056216,16.0,15.845844642295443,PRIORITY_REFRESH,STALE_CONTENT_HIGH_LOSS
url_feb45cd10a4b82d4,client_b77d0d5f08f05e64,2382,57,0.0,16,2.833213344056216,16.0,15.790482686406232,PRIORITY_REFRESH,STALE_CONTENT_HIGH_LOSS
url_d6db69643d40536c,client_86ebc2f12c01f586,2800,56,0.0,16,2.833213344056216,16.0,15.721902538498586,PRIORITY_REFRESH,STALE_CONTENT_HIGH_LOSS
url_9597568d464e527d,client_e547b89c05043229,2723,84,0.0,13,2.639057329615259,13.0,15.541432911661392,PRIORITY_REFRESH,STALE_CONTENT_HIGH_LOSS
url_391f978dcc597ae4,client_e547b89c05043229,2880,58,0.0,13,2.639057329615259,13.0,15.228172558705545,PRIORITY_REFRESH,STALE_CONTENT_HIGH_LOSS
url_0af1075c7c753241,client_23a62021009f63c4,3228,58,0.0,13,2.639057329615259,13.0,15.228172558705545,PRIORITY_REFRESH,STALE_CONTENT_HIGH_LOSS
url_654663742e945f35,client_23a62021009f63c4,3838,58,0.0,13,2.639057329615259,13.0,15.228172558705545,PRIORITY_REFRESH,STALE_CONTENT_HIGH_LOSS
url_3f9d53f36840b3cb,client_23a62021009f63c4,3348,58,0.0,13,2.639057329615259,13.0,15.228172558705545,PRIORITY_REFRESH,STALE_CONTENT_HIGH_LOSS
url_9ce5f1ce93e7cb51,client_62f4a7e64f5e0096,2454,47,0.0,15,2.772588722239781,15.0,15.029382541776547,PRIORITY_REFRESH,STALE_CONTENT_HIGH_LOSS
url_464d247f495d99bb,client_86ebc2f12c01f586,1777,54,0.0,15,2.772588722239781,15.0,15.028154612120723,PRIORITY_REFRESH,STALE_CONTENT_HIGH_LOSS
url_b0dfef6af9200c36,client_e547b89c05043229,1279,54,0.0,15,2.772588722239781,15.0,15.028154612120723,PRIORITY_REFRESH,STALE_CONTENT_HIGH_LOSS
url_bfc365df7209c34c,client_e5c2aa26a8598242,1980,54,0.0,15,2.772588722239781,15.0,15.028154612120723,PRIORITY_REFRESH,STALE_CONTENT_HIGH_LOSS
url_6f48c8d62b5cbf8f,client_86ebc2f12c01f586,1926,54,0.0,15,2.772588722239781,15.0,15.028154612120723,PRIORITY_REFRESH,STALE_CONTENT_HIGH_LOSS
url_1cab3b6c5f245a7a,client_e5c2aa26a8598242,1698,54,0.0,15,2.772588722239781,15.0,15.028154612120723,PRIORITY_REFRESH,STALE_CONTENT_HIGH_LOSS
url_4123f83b428840b3,client_73cda7b4e4f265ea,1365,54,0.0,15,2.772588722239781,15.0,15.028154612120723,PRIORITY_REFRESH,STALE_CONTENT_HIGH_LOSS
url_fcbe57cf8a2479c6,client_86ebc2f12c01f586,1908,50,0.0,15,2.772588722239781,15.0,15.028154612120723,PRIORITY_REFRESH,STALE_CONTENT_HIGH_LOSS
url_3367c619bfd80084,client_73cda7b4e4f265ea,2060,54,0.0,15,2.772588722239781,15.0,15.028154612120723,PRIORITY_REFRESH,STALE_CONTENT_HIGH_LOSS
url_d33492f58efbd5b9,client_73cda7b4e4f265ea,1150,54,0.0,15,2.772588722239781,15.0,15.028154612120723,PRIORITY_REFRESH,STALE_CONTENT_HIGH_LOSS
url_030eac70891c9002,client_86ebc2f12c01f586,2806,91,0.0,15,2.772588722239781,15.0,15.002160290244447,PRIORITY_REFRESH,STALE_CONTENT_HIGH_LOSS
url_b6341ff3045178a8,client_73cda7b4e4f265ea,2516,44,0.0,15,2.772588722239781,15.0,15.001133819973639,PRIORITY_REFRESH,STALE_CONTENT_HIGH_LOSS
url_b73aca7f51eec478,client_1a730cb2640a1abf,2550,86,0.0,15,2.772588722239781,15.0,14.996980714955317,MONITOR,STABLE_PERFORMANCE
url_3ef49a80abebc007,client_e547b89c05043229,2552,96,0.0,15,2.772588722239781,15.0,14.996980714955317,MONITOR,STABLE_PERFORMANCE
url_9d672dd77b51b981,client_0fa64a184f18a4a0,2657,91,0.0,15,2.772588722239781,15.0,14.996980714955317,MONITOR,STABLE_PERFORMANCE
url_3c5c50d0b107c8ce,client_8ddc46da5414ffd8,2833,91,0.0,15,2.772588722239781,15.0,14.99607651305689,MONITOR,STABLE_PERFORMANCE
url_241ed12fa73dcb86,client_86ebc2f12c01f586,2804,70,0.0,15,2.772588722239781,15.0,14.989772052289931,MONITOR,STABLE_PERFORMANCE
url_da1de0c5c78d17a4,client_1a730cb2640a1abf,2446,70,0.0,15,2.772588722239781,15.0,14.984380042980082,MONITOR,STABLE_PERFORMANCE
url_3e9d498fceb04796,client_e5c2aa26a8598242,2149,70,0.0,15,2.772588722239781,15.0,14.984380042980082,MONITOR,STABLE_PERFORMANCE
url_068150de4e4dbecf,client_20259bd6705d81d4,3624,91,0.0,15,2.772588722239781,15.0,14.977080897556736,MONITOR,STABLE_PERFORMANCE
url_6c9103b94488ce69,client_8ddc46da5414ffd8,3016,91,0.0,15,2.772588722239781,15.0,14.977080897556736,MONITOR,STABLE_PERFORMANCE
url_a7b4cb13f19703dd,client_e5c2aa26a8598242,3062,79,0.0,15,2.772588722239781,15.0,14.977080897556736,MONITOR,STABLE_PERFORMANCE
url_13cdf720a0398a9a,client_86ebc2f12c01f586,2977,91,0.0,15,2.772588722239781,15.0,14.977080897556736,MONITOR,STABLE_PERFORMANCE
url_1654643ea37dc414,client_23a62021009f63c4,3401,70,0.0,15,2.772588722239781,15.0,14.964298248338515,MONITOR,STABLE_PERFORMANCE
url_22dfbcffb9c7d1b7,client_86ebc2f12c01f586,2861,70,0.0,15,2.772588722239781,15.0,14.964298248338515,MONITOR,STABLE_PERFORMANCE
url_4049efa191787cc5,client_20259bd6705d81d4,3934,91,0.0,15,2.772588722239781,15.0,14.961682799646876,MONITOR,STABLE_PERFORMANCE
url_7e530982e458f18e,client_23a62021009f63c4,3243,65,0.0,15,2.772588722239781,15.0,14.932827706983488,MONITOR,STABLE_PERFORMANCE
url_2f10e30ded5824ee,client_86ebc2f12c01f586,2797,64,0.0,15,2.772588722239781,15.0,14.927818984969724,MONITOR,STABLE_PERFORMANCE
url_1041f583fb1614ee,client_23a62021009f63c4,3398,69,0.0,15,2.772588722239781,15.0,14.926856065784497,MONITOR,STABLE_PERFORMANCE
url_ad6df01445e479b2,client_23a62021009f63c4,3302,69,0.0,15,2.772588722239781,15.0,14.926856065784497,MONITOR,STABLE_PERFORMANCE
url_acb41b1316e4f024,client_06d356715a8ff3b6,2524,69,0.0,15,2.772588722239781,15.0,14.916667768481602,MONITOR,STABLE_PERFORMANCE
url_f26446a361a667fc,client_06d356715a8ff3b6,2494,69,0.0,15,2.772588722239781,15.0,14.916667768481602,MONITOR,STABLE_PERFORMANCE
url_530834881001a5c8,client_e547b89c05043229,2581,68,0.0,15,2.772588722239781,15.0,14.87851079586786,MONITOR,STABLE_PERFORMANCE
url_2b9d12ab8413859c,client_23a62021009f63c4,2942,47,0.0,15,2.772588722239781,15.0,14.835486477567954,MONITOR,STABLE_PERFORMANCE
url_e61c1e4a8fa59479,client_73cda7b4e4f265ea,3185,44,0.0,15,2.772588722239781,15.0,14.835486477567954,MONITOR,STABLE_PERFORMANCE
url_d40ab938fca48500,client_23a62021009f63c4,3895,54,0.0,15,2.772588722239781,15.0,14.806813895083746,MONITOR,STABLE_PERFORMANCE
url_2d093794d216ef1c,client_20259bd6705d81d4,4541,91,0.0,14,2.70805020110221,14.0,14.47319554330265,MONITOR,STABLE_PERFORMANCE
url_19d369ab7131d93b,client_20259bd6705d81d4,4135,91,0.0,14,2.70805020110221,14.0,14.47319554330265,MONITOR,STABLE_PERFORMANCE
url_7be3ccbd6c09765d,client_20259bd6705d81d4,4874,91,0.0,14,2.70805020110221,14.0,14.47319554330265,MONITOR,STABLE_PERFORMANCE
url_4b1c86d0e5e42e2f,client_20259bd6705d81d4,4006,91,0.0,14,2.70805020110221,14.0,14.47319554330265,MONITOR,STABLE_PERFORMANCE
url_a6a1df32130b4f3d,client_73cda7b4e4f265ea,2806,58,0.0,12,2.5649493574615367,12.0,14.318163906347984,MONITOR,STABLE_PERFORMANCE
url_560c7836cba8a70d,client_23a62021009f63c4,3494,58,0.0,12,2.5649493574615367,12.0,14.274213233927899,MONITOR,STABLE_PERFORMANCE
url_f16c8812f3c0877b,client_23a62021009f63c4,3165,58,0.0,12,2.5649493574615367,12.0,14.274213233927899,MONITOR,STABLE_PERFORMANCE
url_e5a7d9a61eed4447,client_86ebc2f12c01f586,2739,91,0.0,12,2.5649493574615367,12.0,14.207950575299542,MONITOR,STABLE_PERFORMANCE
url_dc3fd20d7005cb1c,client_73cda7b4e4f265ea,2558,58,0.0,11,2.4849066497880004,11.0,14.198779123978593,MONITOR,STABLE_PERFORMANCE
url_de6d749ff29f4a33,client_62f4a7e64f5e0096,0,46,0.0,14,2.70805020110221,14.0,14.03877406408077,MONITOR,STABLE_PERFORMANCE
url_7b3e975fdf243e89,client_73cda7b4e4f265ea,1619,50,0.0,14,2.70805020110221,14.0,14.03877406408077,MONITOR,STABLE_PERFORMANCE
url_54c74a5a9d51a1d1,client_73cda7b4e4f265ea,1062,54,0.0,14,2.70805020110221,14.0,14.03877406408077,MONITOR,STABLE_PERFORMANCE
url_ea40103d2e62747b,client_73cda7b4e4f265ea,1880,54,0.0,14,2.70805020110221,14.0,14.03877406408077,MONITOR,STABLE_PERFORMANCE
url_5def10fa4bbabb51,client_73cda7b4e4f265ea,1153,54,0.0,14,2.70805020110221,14.0,14.03877406408077,MONITOR,STABLE_PERFORMANCE
url_31cc2096df7bce19,client_e547b89c05043229,1246,54,0.0,14,2.70805020110221,14.0,14.03877406408077,MONITOR,STABLE_PERFORMANCE
url_556cecb7ac321943,client_73cda7b4e4f265ea,2120,54,0.0,14,2.70805020110221,14.0,14.03877406408077,MONITOR,STABLE_PERFORMANCE
url_21069cd3d5871955,client_1a8bf67cad4ee525,2469,49,0.0,14,2.70805020110221,14.0,14.03877406408077,MONITOR,STABLE_PERFORMANCE
url_dc9c753424c48949,client_73cda7b4e4f265ea,1094,49,0.0,14,2.70805020110221,14.0,14.03877406408077,MONITOR,STABLE_PERFORMANCE
url_9fe59f88653cba74,client_73cda7b4e4f265ea,2145,49,0.0,14,2.70805020110221,14.0,14.03877406408077,MONITOR,STABLE_PERFORMANCE
url_23585cb26bd4de1f,client_73cda7b4e4f265ea,1543,49,0.0,14,2.70805020110221,14.0,14.03877406408077,MONITOR,STABLE_PERFORMANCE
url_3c176ba589e292b8,client_73cda7b4e4f265ea,956,49,0.0,14,2.70805020110221,14.0,14.03877406408077,MONITOR,STABLE_PERFORMANCE
url_8c6cf3285d52192f,client_73cda7b4e4f265ea,1744,54,0.0,14,2.70805020110221,14.0,14.03877406408077,MONITOR,STABLE_PERFORMANCE
url_489a57f2840697d8,client_73cda7b4e4f265ea,1600,50,0.0,14,2.70805020110221,14.0,14.03877406408077,MONITOR,STABLE_PERFORMANCE
url_7460fad9ba20f3fd,client_73cda7b4e4f265ea,1089,54,0.0,14,2.70805020110221,14.0,14.03877406408077,MONITOR,STABLE_PERFORMANCE
url_6c87e4b457e740c8,client_73cda7b4e4f265ea,935,50,0.0,14,2.70805020110221,14.0,14.03877406408077,MONITOR,STABLE_PERFORMANCE
url_e66e3a22bc19c0b2,client_73cda7b4e4f265ea,1173,49,0.0,14,2.70805020110221,14.0,14.03877406408077,MONITOR,STABLE_PERFORMANCE
url_b54c69fb7159a297,client_73cda7b4e4f265ea,1784,50,0.0,14,2.70805020110221,14.0,14.03877406408077,MONITOR,STABLE_PERFORMANCE
url_a01c1a87e20d5f50,client_86ebc2f12c01f586,2271,54,0.0,14,2.70805020110221,14.0,14.03877406408077,MONITOR,STABLE_PERFORMANCE
url_a3f778effe0cac90,client_73cda7b4e4f265ea,2109,48,0.0,14,2.70805020110221,14.0,14.03877406408077,MONITOR,STABLE_PERFORMANCE
url_1675c206ee536ff1,client_62f4a7e64f5e0096,0,47,0.0,14,2.70805020110221,14.0,14.03877406408077,MONITOR,STABLE_PERFORMANCE
url_9eb1398832416cbb,client_62f4a7e64f5e0096,2553,47,0.0,14,2.70805020110221,14.0,14.01052534227786,MONITOR,STABLE_PERFORMANCE
url_da1fe906758e9215,client_e547b89c05043229,2684,50,0.0,14,2.70805020110221,14.0,14.01052534227786,MONITOR,STABLE_PERFORMANCE
url_9edac79a5ec8d050,client_73cda7b4e4f265ea,2833,71,0.0,14,2.70805020110221,14.0,14.003688656650569,MONITOR,STABLE_PERFORMANCE
url_dd9f6af11dca7837,client_a80fca3f171ed1de,2798,91,0.0,14,2.70805020110221,14.0,14.001346225336828,MONITOR,STABLE_PERFORMANCE
url_8f3b1e7e7a72edc5,client_e5c2aa26a8598242,2848,70,0.0,14,2.70805020110221,14.0,13.999723551030394,MONITOR,STABLE_PERFORMANCE
url_5716b2c2ddce05b0,client_8ddc46da5414ffd8,2854,91,0.0,14,2.70805020110221,14.0,13.999570632170856,MONITOR,STABLE_PERFORMANCE
url_d6284fdb3ff172fa,client_0fa64a184f18a4a0,2948,91,0.0,14,2.70805020110221,14.0,13.99828056531689,MONITOR,STABLE_PERFORMANCE
url_af592947ded3382e,client_20259bd6705d81d4,3427,91,0.0,14,2.70805020110221,14.0,13.99828056531689,MONITOR,STABLE_PERFORMANCE
url_ff84cd4dfe353c62,client_8ddc46da5414ffd8,3298,79,0.0,14,2.70805020110221,14.0,13.99828056531689,MONITOR,STABLE_PERFORMANCE
url_d8a92a3223042e32,client_20259bd6705d81d4,3413,91,0.0,14,2.70805020110221,14.0,13.99828056531689,MONITOR,STABLE_PERFORMANCE
url_13c365b25c032bee,client_86ebc2f12c01f586,2937,91,0.0,14,2.70805020110221,14.0,13.99828056531689,MONITOR,STABLE_PERFORMANCE
url_845ccb547ee37aa7,client_86ebc2f12c01f586,2614,91,0.0,14,2.70805020110221,14.0,13.985904552937718,MONITOR,STABLE_PERFORMANCE
url_dc42feba7b3ff93d,client_e547b89c05043229,2591,96,0.0,14,2.70805020110221,14.0,13.985904552937718,MONITOR,STABLE_PERFORMANCE
url_a72dfa72891b8c7d,client_e5c2aa26a8598242,2350,70,0.0,14,2.70805020110221,14.0,13.985845037776537,MONITOR,STABLE_PERFORMANCE
url_33f818cbe6a9fc3a,client_1a730cb2640a1abf,2472,70,0.0,14,2.70805020110221,14.0,13.985845037776537,MONITOR,STABLE_PERFORMANCE
url_ed815f99273a836b,client_86ebc2f12c01f586,2422,91,0.0,14,2.70805020110221,14.0,13.985692118917,MONITOR,STABLE_PERFORMANCE
url_27a2151bf0ae0fc8,client_b10cb2997d0c7c86,1360,105,0.0,14,2.70805020110221,14.0,13.985692118917,MONITOR,STABLE_PERFORMANCE
url_dcb96bd2a42ce479,client_86ebc2f12c01f586,2709,79,0.0,14,2.70805020110221,14.0,13.970433823840622,MONITOR,STABLE_PERFORMANCE
url_13b2db754ba3dbb8,client_23a62021009f63c4,3493,69,0.0,14,2.70805020110221,14.0,13.960596890358705,MONITOR,STABLE_PERFORMANCE
url_558d769453d1a6ec,client_23a62021009f63c4,3258,69,0.0,14,2.70805020110221,14.0,13.960596890358705,MONITOR,STABLE_PERFORMANCE
url_f1313543adc1a287,client_86ebc2f12c01f586,3038,64,0.0,14,2.70805020110221,14.0,13.959044937937792,MONITOR,STABLE_PERFORMANCE
url_6afa1e1db18a43f9,client_06d356715a8ff3b6,2349,69,0.0,14,2.70805020110221,14.0,13.948402855222518,MONITOR,STABLE_PERFORMANCE
url_8c4fe786a1e60053,client_06d356715a8ff3b6,2219,69,0.0,14,2.70805020110221,14.0,13.948402855222518,MONITOR,STABLE_PERFORMANCE
url_2f0aafc9b36e77e9,client_06d356715a8ff3b6,2353,69,0.0,14,2.70805020110221,14.0,13.948402855222518,MONITOR,STABLE_PERFORMANCE
url_6d21ad025c9eb09f,client_23a62021009f63c4,3501,62,0.0,14,2.70805020110221,14.0,13.923793321144759,MONITOR,STABLE_PERFORMANCE
url_57fb2bad0fda80fd,client_e547b89c05043229,2542,68,0.0,14,2.70805020110221,14.0,13.902934723009592,MONITOR,STABLE_PERFORMANCE
url_f53ec983511ca39d,client_73cda7b4e4f265ea,0,57,0.0,14,2.70805020110221,14.0,13.894297982809107,MONITOR,STABLE_PERFORMANCE
url_bcc6997fdf1b3e7a,client_73cda7b4e4f265ea,2388,56,0.0,14,2.70805020110221,14.0,13.894297982809107,MONITOR,STABLE_PERFORMANCE
url_3d9f36d9eacd15cc,client_73cda7b4e4f265ea,0,57,0.0,14,2.70805020110221,14.0,13.894297982809107,MONITOR,STABLE_PERFORMANCE
url_dbb46bf8d424cc77,client_e547b89c05043229,3099,51,0.0,14,2.70805020110221,14.0,13.878353998856834,MONITOR,STABLE_PERFORMANCE
url_1dee6076e0c81560,client_8ddc46da5414ffd8,2870,51,0.0,14,2.70805020110221,14.0,13.79610094939247,MONITOR,STABLE_PERFORMANCE
url_2f76b75ca480a53e,client_73cda7b4e4f265ea,2884,49,0.0,14,2.70805020110221,14.0,13.79610094939247,MONITOR,STABLE_PERFORMANCE
url_780be47fe5cafd3b,client_20259bd6705d81d4,4540,91,0.0,13,2.639057329615259,13.0,13.528842389147975,MONITOR,STABLE_PERFORMANCE
url_88d8eb8a3ec85bc5,client_23a62021009f63c4,4082,69,0.0,13,2.639057329615259,13.0,13.505634714497313,MONITOR,STABLE_PERFORMANCE
url_e6cfbc59327ad8fc,client_e547b89c05043229,2942,58,0.0,11,2.4849066497880004,11.0,13.404091292993204,MONITOR,STABLE_PERFORMANCE
url_f11224209d543dc0,client_e547b89c05043229,2488,58,0.0,10,2.3978952727983707,10.0,13.239294611872106,MONITOR,STABLE_PERFORMANCE
url_912d5017ee562439,client_1a730cb2640a1abf,2757,86,0.0,11,2.4849066497880004,11.0,13.129846844277658,MONITOR,STABLE_PERFORMANCE
url_51fefd140df39a6c,client_20259bd6705d81d4,2761,91,0.0,11,2.4849066497880004,11.0,13.129846844277658,MONITOR,STABLE_PERFORMANCE
url_5b873d19de0a826e,client_8ddc46da5414ffd8,2755,79,0.0,11,2.4849066497880004,11.0,13.129846844277658,MONITOR,STABLE_PERFORMANCE
url_7e7a8b703556d82c,client_86ebc2f12c01f586,2754,70,0.0,11,2.4849066497880004,11.0,13.127039834897456,MONITOR,STABLE_PERFORMANCE
url_b55980abe22ede85,client_86ebc2f12c01f586,2730,70,0.0,11,2.4849066497880004,11.0,13.078604732075414,MONITOR,STABLE_PERFORMANCE
url_d386e41cec3b3c9f,client_86ebc2f12c01f586,2995,79,0.0,13,2.639057329615259,13.0,13.053927411162215,MONITOR,STABLE_PERFORMANCE
url_07c5e5897e6a7cb7,client_0fa64a184f18a4a0,3165,79,0.0,13,2.639057329615259,13.0,13.053927411162215,MONITOR,STABLE_PERFORMANCE
url_b69a0c820a371401,client_8ddc46da5414ffd8,3048,91,0.0,13,2.639057329615259,13.0,13.053927411162215,MONITOR,STABLE_PERFORMANCE
url_c35be9bc21bb236f,client_73cda7b4e4f265ea,3141,91,0.0,13,2.639057329615259,13.0,13.053927411162215,MONITOR,STABLE_PERFORMANCE
url_32e19d1fcc6e6ff7,client_8ddc46da5414ffd8,3242,91,0.0,13,2.639057329615259,13.0,13.053927411162215,MONITOR,STABLE_PERFORMANCE
url_10e1fb1460f5fe8d,client_20259bd6705d81d4,2914,91,0.0,13,2.639057329615259,13.0,13.053927411162215,MONITOR,STABLE_PERFORMANCE
url_20e68defc9dc29c1,client_0fa64a184f18a4a0,2901,91,0.0,13,2.639057329615259,13.0,13.053927411162215,MONITOR,STABLE_PERFORMANCE
url_e96922f022bbba5a,client_8ddc46da5414ffd8,2998,79,0.0,13,2.639057329615259,13.0,13.053927411162215,MONITOR,STABLE_PERFORMANCE
url_de93f19a995f0f9a,client_e5c2aa26a8598242,2811,91,0.0,13,2.639057329615259,13.0,13.053436093065065,MONITOR,STABLE_PERFORMANCE
url_1bbc834f42ffae26,client_a80fca3f171ed1de,2801,91,0.0,13,2.639057329615259,13.0,13.053436093065065,MONITOR,STABLE_PERFORMANCE
url_b89ccc43e9a08347,client_e5c2aa26a8598242,3089,70,0.0,13,2.639057329615259,13.0,13.048351613766778,MONITOR,STABLE_PERFORMANCE
url_ccc3ebdc54e2671d,client_e5c2aa26a8598242,2901,70,0.0,13,2.639057329615259,13.0,13.048351613766778,MONITOR,STABLE_PERFORMANCE
url_ff1a8afe161acd9a,client_1a730cb2640a1abf,2795,70,0.0,13,2.639057329615259,13.0,13.047860295669627,MONITOR,STABLE_PERFORMANCE
url_944cdefb6b9581ef,client_23a62021009f63c4,3144,69,0.0,13,2.639057329615259,13.0,13.01090943121276,MONITOR,STABLE_PERFORMANCE
url_88c16fbace65db87,client_86ebc2f12c01f586,2911,64,0.0,13,2.639057329615259,13.0,13.009357478791847,MONITOR,STABLE_PERFORMANCE
url_c653b71c4bf9fcab,client_157ffe4d4a595515,3758,65,0.0,13,2.639057329615259,13.0,13.009357478791847,MONITOR,STABLE_PERFORMANCE
url_80e7da721b53f7e4,client_fef1a8f436438636,2845,63,0.0,13,2.639057329615259,13.0,13.006709245346588,MONITOR,STABLE_PERFORMANCE
url_bfc4a89a02fd64c1,client_e547b89c05043229,2815,68,0.0,13,2.639057329615259,13.0,13.006709245346588,MONITOR,STABLE_PERFORMANCE
url_48171bdd2815406b,client_73cda7b4e4f265ea,1231,48,0.0,13,2.639057329615259,13.0,13.00625745594371,MONITOR,STABLE_PERFORMANCE
url_b7e047611eb432ec,client_73cda7b4e4f265ea,1026,49,0.0,13,2.639057329615259,13.0,13.00625745594371,MONITOR,STABLE_PERFORMANCE
url_2d257f1dc8efb502,client_73cda7b4e4f265ea,940,49,0.0,13,2.639057329615259,13.0,13.00625745594371,MONITOR,STABLE_PERFORMANCE
url_39bd5e989b38b74e,client_73cda7b4e4f265ea,2398,50,0.0,13,2.639057329615259,13.0,13.00625745594371,MONITOR,STABLE_PERFORMANCE
url_8877d4cc7a849d88,client_73cda7b4e4f265ea,1813,48,0.0,13,2.639057329615259,13.0,13.00625745594371,MONITOR,STABLE_PERFORMANCE
url_330e1e4981475cc2,client_62f4a7e64f5e0096,0,47,0.0,13,2.639057329615259,13.0,13.00625745594371,MONITOR,STABLE_PERFORMANCE
url_bcc6118ed9ad3c3b,client_86ebc2f12c01f586,2410,54,0.0,13,2.639057329615259,13.0,13.00625745594371,MONITOR,STABLE_PERFORMANCE
url_27997fcad00e84f4,client_86ebc2f12c01f586,2005,54,0.0,13,2.639057329615259,13.0,13.00625745594371,MONITOR,STABLE_PERFORMANCE
url_907017cd0b58d31a,client_73cda7b4e4f265ea,2154,54,0.0,13,2.639057329615259,13.0,13.00625745594371,MONITOR,STABLE_PERFORMANCE
url_a6f11e5155b4ffd8,client_73cda7b4e4f265ea,1261,54,0.0,13,2.639057329615259,13.0,13.00625745594371,MONITOR,STABLE_PERFORMANCE
url_815017a34406b07c,client_e5c2aa26a8598242,2139,54,0.0,13,2.639057329615259,13.0,13.00625745594371,MONITOR,STABLE_PERFORMANCE
url_223c09550673036e,client_86ebc2f12c01f586,1989,54,0.0,13,2.639057329615259,13.0,13.00625745594371,MONITOR,STABLE_PERFORMANCE
url_a758fcc6a883558e,client_73cda7b4e4f265ea,1075,50,0.0,13,2.639057329615259,13.0,13.00625745594371,MONITOR,STABLE_PERFORMANCE
url_98763352b353edfd,client_73cda7b4e4f265ea,1077,49,0.0,13,2.639057329615259,13.0,13.00625745594371,MONITOR,STABLE_PERFORMANCE
url_7347f435877d6a74,client_1a8bf67cad4ee525,2257,49,0.0,13,2.639057329615259,13.0,13.00625745594371,MONITOR,STABLE_PERFORMANCE
url_220c1ab2141d0bd3,client_73cda7b4e4f265ea,1519,49,0.0,13,2.639057329615259,13.0,13.00625745594371,MONITOR,STABLE_PERFORMANCE
url_c17c8deee4df4486,client_23a62021009f63c4,2105,50,0.0,13,2.639057329615259,13.0,13.00625745594371,MONITOR,STABLE_PERFORMANCE
url_1be9d889b35f1dc9,client_73cda7b4e4f265ea,1271,48,0.0,13,2.639057329615259,13.0,13.00625745594371,MONITOR,STABLE_PERFORMANCE
url_29965f13d6925eeb,client_73cda7b4e4f265ea,1172,54,0.0,13,2.639057329615259,13.0,13.00625745594371,MONITOR,STABLE_PERFORMANCE
url_03ac832910d00172,client_e547b89c05043229,2391,85,0.0,13,2.639057329615259,13.0,13.003086554480355,MONITOR,STABLE_PERFORMANCE
url_acd17743198c3ca8,client_e547b89c05043229,2355,96,0.0,13,2.639057329615259,13.0,13.003086554480355,MONITOR,STABLE_PERFORMANCE
url_cd71f6bc08bebf4a,client_06d356715a8ff3b6,2073,79,0.0,13,2.639057329615259,13.0,13.003086554480355,MONITOR,STABLE_PERFORMANCE
url_877be621bd38b42e,client_8ddc46da5414ffd8,2377,91,0.0,13,2.639057329615259,13.0,13.003086554480355,MONITOR,STABLE_PERFORMANCE
url_6b54802c7894e1e5,client_e5c2aa26a8598242,2594,70,0.0,13,2.639057329615259,13.0,12.997723191105637,MONITOR,STABLE_PERFORMANCE
url_ced6deb6b9564089,client_86ebc2f12c01f586,2545,49,0.0,13,2.639057329615259,13.0,12.9780087341408,MONITOR,STABLE_PERFORMANCE
url_b95c5aaafb514507,client_73cda7b4e4f265ea,2537,54,0.0,13,2.639057329615259,13.0,12.9780087341408,MONITOR,STABLE_PERFORMANCE
url_c02af7ed8d5a3ca0,client_62f4a7e64f5e0096,2576,44,0.0,13,2.639057329615259,13.0,12.9780087341408,MONITOR,STABLE_PERFORMANCE
url_c921b106ae617f08,client_73cda7b4e4f265ea,2520,45,0.0,13,2.639057329615259,13.0,12.9780087341408,MONITOR,STABLE_PERFORMANCE
url_42dfc7b7771f1bac,client_62f4a7e64f5e0096,2680,47,0.0,13,2.639057329615259,13.0,12.9780087341408,MONITOR,STABLE_PERFORMANCE
url_b79dccb5e21e5e14,client_23a62021009f63c4,2549,50,0.0,13,2.639057329615259,13.0,12.9780087341408,MONITOR,STABLE_PERFORMANCE
url_d3141588d2214f62,client_73cda7b4e4f265ea,2577,49,0.0,13,2.639057329615259,13.0,12.9780087341408,MONITOR,STABLE_PERFORMANCE
url_2b2b4202a6039f6f,client_62f4a7e64f5e0096,2589,47,0.0,13,2.639057329615259,13.0,12.9780087341408,MONITOR,STABLE_PERFORMANCE
url_cc5d8b86c534fcad,client_73cda7b4e4f265ea,2559,49,0.0,13,2.639057329615259,13.0,12.9780087341408,MONITOR,STABLE_PERFORMANCE
url_5030d195688222ff,client_23a62021009f63c4,3318,62,0.0,13,2.639057329615259,13.0,12.974105861998813,MONITOR,STABLE_PERFORMANCE
url_3a2ae5da5e986853,client_23a62021009f63c4,2793,62,0.0,13,2.639057329615259,13.0,12.973614543901663,MONITOR,STABLE_PERFORMANCE
url_b2f8dc40bc3eba4c,client_08a6a72ff48e62c0,2707,69,0.0,13,2.639057329615259,13.0,12.944810279454522,MONITOR,STABLE_PERFORMANCE
url_8823ed403bc9c905,client_e547b89c05043229,2581,68,0.0,13,2.639057329615259,13.0,12.914600442317973,MONITOR,STABLE_PERFORMANCE
url_86ff42b2b818db7f,client_86ebc2f12c01f586,2652,64,0.0,13,2.639057329615259,13.0,12.914600442317973,MONITOR,STABLE_PERFORMANCE
url_d337f3ea50000e11,client_86ebc2f12c01f586,2646,64,0.0,13,2.639057329615259,13.0,12.914600442317973,MONITOR,STABLE_PERFORMANCE
url_486516335045bfab,client_62f4a7e64f5e0096,2720,46,0.0,13,2.639057329615259,13.0,12.895634849463084,MONITOR,STABLE_PERFORMANCE
url_13e3dcbf8b323b8b,client_e5c2aa26a8598242,2346,56,0.0,13,2.639057329615259,13.0,12.861781374672047,MONITOR,STABLE_PERFORMANCE
url_8643c30707c61b6e,client_e547b89c05043229,3090,49,0.0,13,2.639057329615259,13.0,12.854288991141077,MONITOR,STABLE_PERFORMANCE
url_3dd1a054c87df2a3,client_86ebc2f12c01f586,3168,49,0.0,13,2.639057329615259,13.0,12.854288991141077,MONITOR,STABLE_PERFORMANCE
url_5aa1e0406b1270ac,client_23a62021009f63c4,3609,54,0.0,13,2.639057329615259,13.0,12.825616408656868,MONITOR,STABLE_PERFORMANCE
url_72da5c62fefab83e,client_8ddc46da5414ffd8,2970,54,0.0,13,2.639057329615259,13.0,12.825616408656868,MONITOR,STABLE_PERFORMANCE
url_e809b19819bb8721,client_86ebc2f12c01f586,2773,91,0.0,13,2.639057329615259,13.0,12.821170411002292,MONITOR,STABLE_PERFORMANCE
url_2b584841c5ab2b89,client_73cda7b4e4f265ea,2835,53,0.0,13,2.639057329615259,13.0,12.784959834084123,MONITOR,STABLE_PERFORMANCE
url_f9300192f4a4b2b5,client_86ebc2f12c01f586,2789,64,0.0,13,2.639057329615259,13.0,12.776600478631924,MONITOR,STABLE_PERFORMANCE
url_be1ce89d74618e21,client_20259bd6705d81d4,4137,91,0.0,12,2.5649493574615367,12.0,12.543639396029494,MONITOR,STABLE_PERFORMANCE
url_5a79f5545739eae9,client_b10cb2997d0c7c86,4052,175,0.0,12,2.5649493574615367,12.0,12.543639396029494,MONITOR,STABLE_PERFORMANCE
url_a340c1bec1190303,client_20259bd6705d81d4,4470,91,0.0,12,2.5649493574615367,12.0,12.543639396029494,MONITOR,STABLE_PERFORMANCE
url_e528a11a4f793166,client_23a62021009f63c4,2922,58,0.0,10,2.3978952727983707,10.0,12.447242322514548,MONITOR,STABLE_PERFORMANCE
url_59d2f88ed559e342,client_23a62021009f63c4,3075,58,0.0,10,2.3978952727983707,10.0,12.447242322514548,MONITOR,STABLE_PERFORMANCE
url_df559f28b54a75c1,client_23a62021009f63c4,3561,58,0.0,10,2.3978952727983707,10.0,12.447242322514548,MONITOR,STABLE_PERFORMANCE
url_15fd2ef0333170bc,client_23a62021009f63c4,3311,58,0.0,10,2.3978952727983707,10.0,12.447242322514548,MONITOR,STABLE_PERFORMANCE
url_432491309d08d739,client_23a62021009f63c4,4267,54,0.0,12,2.5649493574615367,12.0,12.379431437475004,MONITOR,STABLE_PERFORMANCE
url_d628692b96a3a89f,client_a80fca3f171ed1de,2728,91,0.0,10,2.3978952727983707,10.0,12.259022738307728,MONITOR,STABLE_PERFORMANCE
url_41723a6f1c1f3677,client_86ebc2f12c01f586,2763,70,0.0,10,2.3978952727983707,10.0,12.171701387464672,MONITOR,STABLE_PERFORMANCE
url_91a64f0b6e35be10,client_20259bd6705d81d4,2763,91,0.0,10,2.3978952727983707,10.0,12.16711364675174,MONITOR,STABLE_PERFORMANCE
url_caa16de1f67a3de1,client_a80fca3f171ed1de,2760,91,0.0,10,2.3978952727983707,10.0,12.16711364675174,MONITOR,STABLE_PERFORMANCE
url_1fc2f8ba27c79472,client_a80fca3f171ed1de,2754,91,0.0,10,2.3978952727983707,10.0,12.16711364675174,MONITOR,STABLE_PERFORMANCE
url_e84bf2d907a0fe1b,client_e5c2aa26a8598242,2754,69,0.0,10,2.3978952727983707,10.0,12.165597012214104,MONITOR,STABLE_PERFORMANCE
url_dedc9dd91792728d,client_86ebc2f12c01f586,2737,91,0.0,10,2.3978952727983707,10.0,12.118678543929697,MONITOR,STABLE_PERFORMANCE
url_6ae19b9fab07da16,client_73cda7b4e4f265ea,2845,91,0.0,12,2.5649493574615367,12.0,12.06924392544695,MONITOR,STABLE_PERFORMANCE
url_514955b707466c7b,client_86ebc2f12c01f586,2844,91,0.0,12,2.5649493574615367,12.0,12.06924392544695,MONITOR,STABLE_PERFORMANCE
url_7e71e901afc5ea72,client_23a62021009f63c4,3629,79,0.0,12,2.5649493574615367,12.0,12.068724418043734,MONITOR,STABLE_PERFORMANCE
url_1d2e1f71506a3fac,client_73cda7b4e4f265ea,3267,91,0.0,12,2.5649493574615367,12.0,12.068724418043734,MONITOR,STABLE_PERFORMANCE
url_e44192adf98b6941,client_73cda7b4e4f265ea,2924,91,0.0,12,2.5649493574615367,12.0,12.068724418043734,MONITOR,STABLE_PERFORMANCE
url_44daca10d8c92268,client_e547b89c05043229,2915,96,0.0,12,2.5649493574615367,12.0,12.068724418043734,MONITOR,STABLE_PERFORMANCE
url_8c83cd74fd3e91c0,client_73cda7b4e4f265ea,3026,91,0.0,12,2.5649493574615367,12.0,12.068724418043734,MONITOR,STABLE_PERFORMANCE
url_84529821da77fc47,client_73cda7b4e4f265ea,2922,91,0.0,12,2.5649493574615367,12.0,12.068724418043734,MONITOR,STABLE_PERFORMANCE
url_2fe068d1527432ab,client_8ddc46da5414ffd8,3374,91,0.0,12,2.5649493574615367,12.0,12.068724418043734,MONITOR,STABLE_PERFORMANCE
url_e7cc799fdfc9450f,client_8ddc46da5414ffd8,3162,91,0.0,12,2.5649493574615367,12.0,12.068724418043734,MONITOR,STABLE_PERFORMANCE
url_9b61b1450ef86520,client_8ddc46da5414ffd8,3063,91,0.0,12,2.5649493574615367,12.0,12.068724418043734,MONITOR,STABLE_PERFORMANCE
url_ac76b8da9b8e31e6,client_73cda7b4e4f265ea,3136,91,0.0,12,2.5649493574615367,12.0,12.068724418043734,MONITOR,STABLE_PERFORMANCE
url_d6a399b990e543db,client_0fa64a184f18a4a0,2902,91,0.0,12,2.5649493574615367,12.0,12.068724418043734,MONITOR,STABLE_PERFORMANCE
url_3123aa6dfae0dccf,client_20259bd6705d81d4,3347,91,0.0,12,2.5649493574615367,12.0,12.068724418043734,MONITOR,STABLE_PERFORMANCE
url_f9d2694a4c783359,client_8ddc46da5414ffd8,3225,91,0.0,12,2.5649493574615367,12.0,12.068724418043734,MONITOR,STABLE_PERFORMANCE
url_811464d582309fef,client_73cda7b4e4f265ea,2795,175,0.0,12,2.5649493574615367,12.0,12.068430382126943,MONITOR,STABLE_PERFORMANCE
url_9733357fd214ca8a,client_8ddc46da5414ffd8,2792,91,0.0,12,2.5649493574615367,12.0,12.068430382126943,MONITOR,STABLE_PERFORMANCE
url_8c6e3cf0b4942aaf,client_73cda7b4e4f265ea,2449,55,0.0,12,2.5649493574615367,12.0,12.054201774698635,MONITOR,STABLE_PERFORMANCE
url_2c469aee716a098e,client_73cda7b4e4f265ea,1478,50,0.0,12,2.5649493574615367,12.0,12.047442268108222,MONITOR,STABLE_PERFORMANCE
url_70abd9371fd128ea,client_62f4a7e64f5e0096,0,47,0.0,12,2.5649493574615367,12.0,12.047442268108222,MONITOR,STABLE_PERFORMANCE
url_6a64f3e2d209a8b6,client_73cda7b4e4f265ea,1864,48,0.0,12,2.5649493574615367,12.0,12.047442268108222,MONITOR,STABLE_PERFORMANCE
url_4ac579999d0b609a,client_e5c2aa26a8598242,1774,54,0.0,12,2.5649493574615367,12.0,12.047442268108222,MONITOR,STABLE_PERFORMANCE
url_d52758d83527e705,client_73cda7b4e4f265ea,1676,48,0.0,12,2.5649493574615367,12.0,12.047442268108222,MONITOR,STABLE_PERFORMANCE
url_7317105e1b4a5e66,client_23a62021009f63c4,2257,54,0.0,12,2.5649493574615367,12.0,12.047442268108222,MONITOR,STABLE_PERFORMANCE
url_9634d41c100a7665,client_e547b89c05043229,1441,54,0.0,12,2.5649493574615367,12.0,12.047442268108222,MONITOR,STABLE_PERFORMANCE
url_d9275955612f05d1,client_86ebc2f12c01f586,1983,50,0.0,12,2.5649493574615367,12.0,12.047442268108222,MONITOR,STABLE_PERFORMANCE
url_9cc300d03b561623,client_73cda7b4e4f265ea,1251,49,0.0,12,2.5649493574615367,12.0,12.047442268108222,MONITOR,STABLE_PERFORMANCE
url_12e7ddeb4e858a2f,client_1a8bf67cad4ee525,2266,49,0.0,12,2.5649493574615367,12.0,12.047442268108222,MONITOR,STABLE_PERFORMANCE
url_e9566ab438351464,client_86ebc2f12c01f586,2124,49,0.0,12,2.5649493574615367,12.0,12.047442268108222,MONITOR,STABLE_PERFORMANCE
url_825313c96482ec88,client_62f4a7e64f5e0096,0,47,0.0,12,2.5649493574615367,12.0,12.047442268108222,MONITOR,STABLE_PERFORMANCE
url_7932814c3d75572b,client_62f4a7e64f5e0096,2457,47,0.0,12,2.5649493574615367,12.0,12.047442268108222,MONITOR,STABLE_PERFORMANCE
url_7ed49f44c9a3aabb,client_e547b89c05043229,1121,54,0.0,12,2.5649493574615367,12.0,12.047442268108222,MONITOR,STABLE_PERFORMANCE
url_c3966f6498c9470a,client_e5c2aa26a8598242,2027,54,0.0,12,2.5649493574615367,12.0,12.047442268108222,MONITOR,STABLE_PERFORMANCE
url_51b201e28e92cece,client_73cda7b4e4f265ea,1031,50,0.0,12,2.5649493574615367,12.0,12.047442268108222,MONITOR,STABLE_PERFORMANCE
url_017ddd2270e44c85,client_86ebc2f12c01f586,2017,54,0.0,12,2.5649493574615367,12.0,12.047442268108222,MONITOR,STABLE_PERFORMANCE
url_a892e39d34a8f866,client_e5c2aa26a8598242,1961,54,0.0,12,2.5649493574615367,12.0,12.047442268108222,MONITOR,STABLE_PERFORMANCE
url_fb92aeef9fa4bd49,client_e5c2aa26a8598242,1966,54,0.0,12,2.5649493574615367,12.0,12.047442268108222,MONITOR,STABLE_PERFORMANCE
url_7d1131d8c808358a,client_23a62021009f63c4,2104,54,0.0,12,2.5649493574615367,12.0,12.047442268108222,MONITOR,STABLE_PERFORMANCE
url_e5d95213e5b4a9e8,client_73cda7b4e4f265ea,2185,49,0.0,12,2.5649493574615367,12.0,12.047442268108222,MONITOR,STABLE_PERFORMANCE
url_61a98464bf13b93e,client_62f4a7e64f5e0096,2431,46,0.0,12,2.5649493574615367,12.0,12.047442268108222,MONITOR,STABLE_PERFORMANCE
url_267940deed3c4dc5,client_73cda7b4e4f265ea,1930,54,0.0,12,2.5649493574615367,12.0,12.047442268108222,MONITOR,STABLE_PERFORMANCE
url_23c994db2fa0224d,client_73cda7b4e4f265ea,1649,54,0.0,12,2.5649493574615367,12.0,12.047442268108222,MONITOR,STABLE_PERFORMANCE
url_8eaa58d9ea6b138d,client_73cda7b4e4f265ea,994,50,0.0,12,2.5649493574615367,12.0,12.047442268108222,MONITOR,STABLE_PERFORMANCE
url_c59b0e93e01e0548,client_73cda7b4e4f265ea,1843,48,0.0,12,2.5649493574615367,12.0,12.047442268108222,MONITOR,STABLE_PERFORMANCE
url_d5ae0173be10dae5,client_23a62021009f63c4,2844,65,0.0,12,2.5649493574615367,12.0,12.03817277054102,MONITOR,STABLE_PERFORMANCE
url_53fc956490e54784,client_86ebc2f12c01f586,2897,64,0.0,12,2.5649493574615367,12.0,12.037653263137805,MONITOR,STABLE_PERFORMANCE
url_c61c7074498cb15a,client_86ebc2f12c01f586,2856,64,0.0,12,2.5649493574615367,12.0,12.037653263137805,MONITOR,STABLE_PERFORMANCE
url_c2adc08a8327d650,client_86ebc2f12c01f586,2905,64,0.0,12,2.5649493574615367,12.0,12.037653263137805,MONITOR,STABLE_PERFORMANCE
url_93a777f3f839de9e,client_86ebc2f12c01f586,2992,65,0.0,12,2.5649493574615367,12.0,12.037653263137805,MONITOR,STABLE_PERFORMANCE
url_9d54f00d86f1d4d8,client_86ebc2f12c01f586,2944,64,0.0,12,2.5649493574615367,12.0,12.037653263137805,MONITOR,STABLE_PERFORMANCE
url_db871c6d928ae29e,client_86ebc2f12c01f586,3081,64,0.0,12,2.5649493574615367,12.0,12.037653263137805,MONITOR,STABLE_PERFORMANCE
url_0697e47c7ac89de5,client_86ebc2f12c01f586,2865,64,0.0,12,2.5649493574615367,12.0,12.037653263137805,MONITOR,STABLE_PERFORMANCE
url_75fa3576e3285d85,client_23a62021009f63c4,3409,69,0.0,12,2.5649493574615367,12.0,12.035741856021964,MONITOR,STABLE_PERFORMANCE
url_1b272d2cbfc92dc7,client_23a62021009f63c4,3313,69,0.0,12,2.5649493574615367,12.0,12.035741856021964,MONITOR,STABLE_PERFORMANCE
url_54b5bd4ae8a154fa,client_23a62021009f63c4,3392,69,0.0,12,2.5649493574615367,12.0,12.035741856021964,MONITOR,STABLE_PERFORMANCE
url_91f07a1d16be3a5a,client_86ebc2f12c01f586,2660,70,0.0,12,2.5649493574615367,12.0,12.0227528980952,MONITOR,STABLE_PERFORMANCE
url_151d8abad310a8c3,client_1a730cb2640a1abf,2605,70,0.0,12,2.5649493574615367,12.0,12.0227528980952,MONITOR,STABLE_PERFORMANCE
url_3ab01c0112487038,client_08a6a72ff48e62c0,2596,70,0.0,12,2.5649493574615367,12.0,12.0227528980952,MONITOR,STABLE_PERFORMANCE
url_6816406cd246d38f,client_1a730cb2640a1abf,2594,70,0.0,12,2.5649493574615367,12.0,12.0227528980952,MONITOR,STABLE_PERFORMANCE
url_662bf46a05190c32,client_1a730cb2640a1abf,2389,70,0.0,12,2.5649493574615367,12.0,12.022540464074481,MONITOR,STABLE_PERFORMANCE
url_21ca019c419fc56f,client_1a730cb2640a1abf,2309,70,0.0,12,2.5649493574615367,12.0,12.022540464074481,MONITOR,STABLE_PERFORMANCE
url_9be25350c05d741d,client_23a62021009f63c4,3903,69,0.0,12,2.5649493574615367,12.0,12.020343758112105,MONITOR,STABLE_PERFORMANCE
url_a92ceb135a999218,client_73cda7b4e4f265ea,2500,52,0.0,12,2.5649493574615367,12.0,12.019193546305313,MONITOR,STABLE_PERFORMANCE
url_bb54eb016dffeaf4,client_62f4a7e64f5e0096,2681,46,0.0,12,2.5649493574615367,12.0,12.019193546305313,MONITOR,STABLE_PERFORMANCE
url_c6711c581ad007aa,client_73cda7b4e4f265ea,2545,50,0.0,12,2.5649493574615367,12.0,12.019193546305313,MONITOR,STABLE_PERFORMANCE
url_f946ac9044448b61,client_e5c2aa26a8598242,2529,53,0.0,12,2.5649493574615367,12.0,12.019193546305313,MONITOR,STABLE_PERFORMANCE
url_5e294c7c6dc5a49c,client_62f4a7e64f5e0096,2592,47,0.0,12,2.5649493574615367,12.0,12.019193546305313,MONITOR,STABLE_PERFORMANCE
url_608f742e89950ac3,client_0fa64a184f18a4a0,2671,91,0.0,12,2.5649493574615367,12.0,12.018293277562952,MONITOR,STABLE_PERFORMANCE
url_c6b509f3b9b4ca01,client_0fa64a184f18a4a0,2644,91,0.0,12,2.5649493574615367,12.0,12.018293277562952,MONITOR,STABLE_PERFORMANCE
url_10c5a38b57d74d00,client_e547b89c05043229,2677,85,0.0,12,2.5649493574615367,12.0,12.018293277562952,MONITOR,STABLE_PERFORMANCE
url_192db4a5e53f2568,client_a80fca3f171ed1de,2575,91,0.0,12,2.5649493574615367,12.0,12.018293277562952,MONITOR,STABLE_PERFORMANCE
url_f9574bce81e0a633,client_0fa64a184f18a4a0,2637,79,0.0,12,2.5649493574615367,12.0,12.018293277562952,MONITOR,STABLE_PERFORMANCE
url_6065089ad75ed597,client_a80fca3f171ed1de,2549,91,0.0,12,2.5649493574615367,12.0,12.018293277562952,MONITOR,STABLE_PERFORMANCE
url_5a8e8966506ba42c,client_810019792c9b8efc,2522,91,0.0,12,2.5649493574615367,12.0,12.018293277562952,MONITOR,STABLE_PERFORMANCE
url_1bc994e97c36449a,client_a80fca3f171ed1de,2425,91,0.0,12,2.5649493574615367,12.0,12.018080843542233,MONITOR,STABLE_PERFORMANCE
url_b831969a5c28c431,client_06d356715a8ff3b6,2004,79,0.0,12,2.5649493574615367,12.0,12.018080843542233,MONITOR,STABLE_PERFORMANCE
url_2cb38c29770fc095,client_73cda7b4e4f265ea,0,175,0.0,12,2.5649493574615367,12.0,12.018080843542233,MONITOR,STABLE_PERFORMANCE
url_6d7e7823013b6f81,client_f623b01661d4bfe4,1108,222,0.0,12,2.5649493574615367,12.0,12.018080843542233,MONITOR,STABLE_PERFORMANCE
url_22a50ad22f38d2d4,client_e547b89c05043229,2699,47,0.0,12,2.5649493574615367,12.0,12.009796514445082,MONITOR,STABLE_PERFORMANCE
url_1fe446538beae57e,client_86ebc2f12c01f586,2706,79,0.0,12,2.5649493574615367,12.0,12.002822548465856,MONITOR,STABLE_PERFORMANCE
url_ed5a400491b2642b,client_06d356715a8ff3b6,2542,69,0.0,12,2.5649493574615367,12.0,11.985310715541182,MONITOR,STABLE_PERFORMANCE
url_912f195c70750a37,client_06d356715a8ff3b6,2651,69,0.0,12,2.5649493574615367,12.0,11.985310715541182,MONITOR,STABLE_PERFORMANCE
url_dc0b155d993778af,client_86ebc2f12c01f586,2497,64,0.0,12,2.5649493574615367,12.0,11.94309350884429,MONITOR,STABLE_PERFORMANCE
url_65354cf665f37813,client_e547b89c05043229,2596,64,0.0,12,2.5649493574615367,12.0,11.94309350884429,MONITOR,STABLE_PERFORMANCE
url_bf98805b4e0faa7d,client_08a6a72ff48e62c0,2722,51,0.0,12,2.5649493574615367,12.0,11.936819661627597,MONITOR,STABLE_PERFORMANCE
url_0038270925458ec8,client_62f4a7e64f5e0096,3170,46,0.0,12,2.5649493574615367,12.0,11.895276521125231,MONITOR,STABLE_PERFORMANCE
url_6601f0cbc70bcc5d,client_23a62021009f63c4,3340,45,0.0,12,2.5649493574615367,12.0,11.895276521125231,MONITOR,STABLE_PERFORMANCE
url_c91c844a84db12fa,client_8ddc46da5414ffd8,3031,49,0.0,12,2.5649493574615367,12.0,11.895276521125231,MONITOR,STABLE_PERFORMANCE
url_f2c82df0dc8c5eaf,client_8ddc46da5414ffd8,3293,53,0.0,12,2.5649493574615367,12.0,11.895276521125231,MONITOR,STABLE_PERFORMANCE
url_0f0ceeff435becb5,client_73cda7b4e4f265ea,2909,44,0.0,12,2.5649493574615367,12.0,11.895276521125231,MONITOR,STABLE_PERFORMANCE
url_071bbad9b25783ca,client_8ddc46da5414ffd8,3137,52,0.0,12,2.5649493574615367,12.0,11.895276521125231,MONITOR,STABLE_PERFORMANCE
url_cc716bd7f1216af5,client_08a6a72ff48e62c0,3126,44,0.0,12,2.5649493574615367,12.0,11.895276521125231,MONITOR,STABLE_PERFORMANCE
url_9ee520712ba2b21b,client_e5c2aa26a8598242,2938,55,0.0,12,2.5649493574615367,12.0,11.866603938641022,MONITOR,STABLE_PERFORMANCE
url_92758f9f13d8512c,client_e5c2aa26a8598242,2790,70,0.0,12,2.5649493574615367,12.0,11.840624320596419,MONITOR,STABLE_PERFORMANCE
url_2d85677d91609ac0,client_a80fca3f171ed1de,2790,91,0.0,12,2.5649493574615367,12.0,11.83616470006417,MONITOR,STABLE_PERFORMANCE
url_c21f13075a40da9c,client_8ddc46da5414ffd8,2787,91,0.0,12,2.5649493574615367,12.0,11.83616470006417,MONITOR,STABLE_PERFORMANCE
url_05089fa8ec81089a,client_62f4a7e64f5e0096,2791,47,0.0,12,2.5649493574615367,12.0,11.828301561596744,MONITOR,STABLE_PERFORMANCE
url_6e04f47df4c78fdf,client_86ebc2f12c01f586,2809,49,0.0,12,2.5649493574615367,12.0,11.828301561596744,MONITOR,STABLE_PERFORMANCE
url_e280bc1d047510f4,client_20259bd6705d81d4,4336,91,0.0,11,2.4849066497880004,11.0,11.561449423662715,MONITOR,STABLE_PERFORMANCE
url_2e8c4effd941d36d,client_20259bd6705d81d4,4248,91,0.0,11,2.4849066497880004,11.0,11.561449423662715,MONITOR,STABLE_PERFORMANCE
url_760369936a8debaa,client_20259bd6705d81d4,4184,91,0.0,11,2.4849066497880004,11.0,11.561449423662715,MONITOR,STABLE_PERFORMANCE
url_8b92c8e7ff445b71,client_23a62021009f63c4,4326,54,0.0,11,2.4849066497880004,11.0,11.398671281243065,MONITOR,STABLE_PERFORMANCE
url_0c2c505ac46a7f2b,client_8ddc46da5414ffd8,3546,91,0.0,11,2.4849066497880004,11.0,11.07282851562873,MONITOR,STABLE_PERFORMANCE
url_55ff400b1f5760c8,client_8ddc46da5414ffd8,3755,79,0.0,11,2.4849066497880004,11.0,11.07282851562873,MONITOR,STABLE_PERFORMANCE
url_9523a71054cee0c0,client_20259bd6705d81d4,3374,91,0.0,11,2.4849066497880004,11.0,11.07282851562873,MONITOR,STABLE_PERFORMANCE
url_7088e521047aa6b6,client_20259bd6705d81d4,3151,91,0.0,11,2.4849066497880004,11.0,11.07282851562873,MONITOR,STABLE_PERFORMANCE
url_a225b4e40c2f739f,client_86ebc2f12c01f586,2960,91,0.0,11,2.4849066497880004,11.0,11.07282851562873,MONITOR,STABLE_PERFORMANCE
url_910b051907aadebf,client_73cda7b4e4f265ea,3290,91,0.0,11,2.4849066497880004,11.0,11.07282851562873,MONITOR,STABLE_PERFORMANCE
url_10ebc9fc23a20d7f,client_e547b89c05043229,3060,96,0.0,11,2.4849066497880004,11.0,11.07282851562873,MONITOR,STABLE_PERFORMANCE
url_d1802bc30df11edd,client_8ddc46da5414ffd8,3618,91,0.0,11,2.4849066497880004,11.0,11.07282851562873,MONITOR,STABLE_PERFORMANCE
url_25ce0fcc2117764b,client_a80fca3f171ed1de,2883,91,0.0,11,2.4849066497880004,11.0,11.07282851562873,MONITOR,STABLE_PERFORMANCE
url_66d1ef4080e261a2,client_86ebc2f12c01f586,3231,91,0.0,11,2.4849066497880004,11.0,11.07282851562873,MONITOR,STABLE_PERFORMANCE
url_da38077276e7308d,client_86ebc2f12c01f586,3009,79,0.0,11,2.4849066497880004,11.0,11.07282851562873,MONITOR,STABLE_PERFORMANCE
url_601c59babb72ffa4,client_73cda7b4e4f265ea,2943,91,0.0,11,2.4849066497880004,11.0,11.07282851562873,MONITOR,STABLE_PERFORMANCE
url_d502e7d9616575ef,client_8ddc46da5414ffd8,3160,91,0.0,11,2.4849066497880004,11.0,11.07282851562873,MONITOR,STABLE_PERFORMANCE
url_e860dd5e999cf5a9,client_73cda7b4e4f265ea,3423,91,0.0,11,2.4849066497880004,11.0,11.07282851562873,MONITOR,STABLE_PERFORMANCE
url_410b31dd3618433c,client_8ddc46da5414ffd8,2920,91,0.0,11,2.4849066497880004,11.0,11.07282851562873,MONITOR,STABLE_PERFORMANCE
url_c8b0bd3df77faebe,client_73cda7b4e4f265ea,2805,91,0.0,11,2.4849066497880004,11.0,11.071117346879781,MONITOR,STABLE_PERFORMANCE
url_ea232e81ff4fb6ee,client_e547b89c05043229,2793,84,0.0,11,2.4849066497880004,11.0,11.071117346879781,MONITOR,STABLE_PERFORMANCE
url_fe0ea2c04ab4923f,client_e5c2aa26a8598242,2809,79,0.0,11,2.4849066497880004,11.0,11.071117346879781,MONITOR,STABLE_PERFORMANCE
url_3de4d2aee094ca7d,client_0fa64a184f18a4a0,2850,91,0.0,11,2.4849066497880004,11.0,11.07097037218304,MONITOR,STABLE_PERFORMANCE
url_dbc68adef12d2f3f,client_86ebc2f12c01f586,2971,70,0.0,11,2.4849066497880004,11.0,11.07002150624853,MONITOR,STABLE_PERFORMANCE
url_1b0d526cf5e0c41e,client_86ebc2f12c01f586,2958,70,0.0,11,2.4849066497880004,11.0,11.07002150624853,MONITOR,STABLE_PERFORMANCE
url_20ab3be6d98d1c0b,client_20259bd6705d81d4,2827,177,0.0,11,2.4849066497880004,11.0,11.069620935930933,MONITOR,STABLE_PERFORMANCE
url_33f85f9873840b27,client_8ddc46da5414ffd8,2827,91,0.0,11,2.4849066497880004,11.0,11.069620935930933,MONITOR,STABLE_PERFORMANCE
url_a2b96864f000f190,client_e547b89c05043229,2820,96,0.0,11,2.4849066497880004,11.0,11.069620935930933,MONITOR,STABLE_PERFORMANCE
url_9158412595858f02,client_86ebc2f12c01f586,2826,79,0.0,11,2.4849066497880004,11.0,11.069620935930933,MONITOR,STABLE_PERFORMANCE
url_b0cd295ffab5a240,client_73cda7b4e4f265ea,2846,175,0.0,11,2.4849066497880004,11.0,11.069620935930933,MONITOR,STABLE_PERFORMANCE
url_a0b408c70d3394a6,client_23a62021009f63c4,3372,65,0.0,11,2.4849066497880004,11.0,11.065828538113802,MONITOR,STABLE_PERFORMANCE
url_1df90b466c47165f,client_23a62021009f63c4,3190,65,0.0,11,2.4849066497880004,11.0,11.065828538113802,MONITOR,STABLE_PERFORMANCE
url_e92d6cbcec88c640,client_23a62021009f63c4,3265,65,0.0,11,2.4849066497880004,11.0,11.065828538113802,MONITOR,STABLE_PERFORMANCE
url_cc853c170afbfbc3,client_86ebc2f12c01f586,3018,64,0.0,11,2.4849066497880004,11.0,11.065828538113802,MONITOR,STABLE_PERFORMANCE
url_c7129ed7f71f9cff,client_23a62021009f63c4,3407,65,0.0,11,2.4849066497880004,11.0,11.065828538113802,MONITOR,STABLE_PERFORMANCE
url_0d895055bbf230ef,client_e547b89c05043229,2953,64,0.0,11,2.4849066497880004,11.0,11.065828538113802,MONITOR,STABLE_PERFORMANCE
url_5c9288268616d083,client_86ebc2f12c01f586,2812,64,0.0,11,2.4849066497880004,11.0,11.064117369364853,MONITOR,STABLE_PERFORMANCE
url_df48ca07e5719dcf,client_23a62021009f63c4,3223,69,0.0,11,2.4849066497880004,11.0,11.063917130997961,MONITOR,STABLE_PERFORMANCE
url_a0efb73a2db187ee,client_e5c2aa26a8598242,3086,69,0.0,11,2.4849066497880004,11.0,11.063917130997961,MONITOR,STABLE_PERFORMANCE
url_a12f18e56d60f38e,client_23a62021009f63c4,3551,69,0.0,11,2.4849066497880004,11.0,11.063917130997961,MONITOR,STABLE_PERFORMANCE
url_3fac063f8f1c73c4,client_23a62021009f63c4,2986,69,0.0,11,2.4849066497880004,11.0,11.063917130997961,MONITOR,STABLE_PERFORMANCE
url_88b4a5408a3b4055,client_20259bd6705d81d4,3867,91,0.0,11,2.4849066497880004,11.0,11.057430417718871,MONITOR,STABLE_PERFORMANCE
url_94f6e827b6377551,client_20259bd6705d81d4,3861,91,0.0,11,2.4849066497880004,11.0,11.057430417718871,MONITOR,STABLE_PERFORMANCE
url_7d11807ee7768a2c,client_23a62021009f63c4,1805,54,0.0,11,2.4849066497880004,11.0,11.05106406652135,MONITOR,STABLE_PERFORMANCE
url_16532cd5101e1c3a,client_23a62021009f63c4,2469,54,0.0,11,2.4849066497880004,11.0,11.05106406652135,MONITOR,STABLE_PERFORMANCE
url_242cfe10e25e9b55,client_e547b89c05043229,2381,50,0.0,11,2.4849066497880004,11.0,11.05106406652135,MONITOR,STABLE_PERFORMANCE
url_b6bb6a46fa8b051a,client_73cda7b4e4f265ea,1176,49,0.0,11,2.4849066497880004,11.0,11.05106406652135,MONITOR,STABLE_PERFORMANCE
url_1683edd058ffb643,client_73cda7b4e4f265ea,2306,46,0.0,11,2.4849066497880004,11.0,11.05106406652135,MONITOR,STABLE_PERFORMANCE
url_43338427d3bfe045,client_23a62021009f63c4,2204,54,0.0,11,2.4849066497880004,11.0,11.05106406652135,MONITOR,STABLE_PERFORMANCE
url_e90d7b5525a8dba0,client_73cda7b4e4f265ea,971,49,0.0,11,2.4849066497880004,11.0,11.05106406652135,MONITOR,STABLE_PERFORMANCE
url_e71594e36a52e34f,client_e547b89c05043229,1425,54,0.0,11,2.4849066497880004,11.0,11.05106406652135,MONITOR,STABLE_PERFORMANCE
url_dc7e0df1c72155e1,client_73cda7b4e4f265ea,932,50,0.0,11,2.4849066497880004,11.0,11.05106406652135,MONITOR,STABLE_PERFORMANCE
url_f548397ab802e559,client_e5c2aa26a8598242,1816,54,0.0,11,2.4849066497880004,11.0,11.05106406652135,MONITOR,STABLE_PERFORMANCE
url_66fd317c25054a1d,client_e5c2aa26a8598242,1689,54,0.0,11,2.4849066497880004,11.0,11.05106406652135,MONITOR,STABLE_PERFORMANCE
url_796a03ba844b43e2,client_e547b89c05043229,1478,54,0.0,11,2.4849066497880004,11.0,11.05106406652135,MONITOR,STABLE_PERFORMANCE
url_8c717df3c91cb966,client_62f4a7e64f5e0096,0,47,0.0,11,2.4849066497880004,11.0,11.05106406652135,MONITOR,STABLE_PERFORMANCE
url_c1c12c0837ea33f3,client_e5c2aa26a8598242,2331,54,0.0,11,2.4849066497880004,11.0,11.05106406652135,MONITOR,STABLE_PERFORMANCE
url_8df95c1625db66fe,client_73cda7b4e4f265ea,927,50,0.0,11,2.4849066497880004,11.0,11.05106406652135,MONITOR,STABLE_PERFORMANCE
url_3743102653f6caa3,client_73cda7b4e4f265ea,869,51,0.0,11,2.4849066497880004,11.0,11.05106406652135,MONITOR,STABLE_PERFORMANCE
url_7353137468dc1148,client_e547b89c05043229,1235,54,0.0,11,2.4849066497880004,11.0,11.05106406652135,MONITOR,STABLE_PERFORMANCE
url_c2081ae59e9089c3,client_62f4a7e64f5e0096,0,47,0.0,11,2.4849066497880004,11.0,11.05106406652135,MONITOR,STABLE_PERFORMANCE
url_d7c2668af1cecad0,client_86ebc2f12c01f586,1744,50,0.0,11,2.4849066497880004,11.0,11.05106406652135,MONITOR,STABLE_PERFORMANCE
url_712f9339b9bd3db5,client_86ebc2f12c01f586,2012,50,0.0,11,2.4849066497880004,11.0,11.05106406652135,MONITOR,STABLE_PERFORMANCE
url_8730023db388dbd9,client_e547b89c05043229,1042,54,0.0,11,2.4849066497880004,11.0,11.05106406652135,MONITOR,STABLE_PERFORMANCE
url_0b9d3aa754215c3d,client_62f4a7e64f5e0096,0,46,0.0,11,2.4849066497880004,11.0,11.05106406652135,MONITOR,STABLE_PERFORMANCE
url_564037cedfc1c221,client_73cda7b4e4f265ea,1127,54,0.0,11,2.4849066497880004,11.0,11.05106406652135,MONITOR,STABLE_PERFORMANCE
url_aa8e897b5c6feaaf,client_73cda7b4e4f265ea,1729,48,0.0,11,2.4849066497880004,11.0,11.05106406652135,MONITOR,STABLE_PERFORMANCE
url_334f76fde82c4aea,client_73cda7b4e4f265ea,2069,54,0.0,11,2.4849066497880004,11.0,11.05106406652135,MONITOR,STABLE_PERFORMANCE
url_23d1b81907e48e18,client_73cda7b4e4f265ea,1977,54,0.0,11,2.4849066497880004,11.0,11.05106406652135,MONITOR,STABLE_PERFORMANCE
url_fad15fd2cf508003,client_62f4a7e64f5e0096,0,47,0.0,11,2.4849066497880004,11.0,11.05106406652135,MONITOR,STABLE_PERFORMANCE
url_fa4fa5e1bdaf3460,client_73cda7b4e4f265ea,2092,54,0.0,11,2.4849066497880004,11.0,11.05106406652135,MONITOR,STABLE_PERFORMANCE
url_dbc1f353ea6f5ecc,client_73cda7b4e4f265ea,1876,50,0.0,11,2.4849066497880004,11.0,11.05106406652135,MONITOR,STABLE_PERFORMANCE
url_38009239d66d882f,client_86ebc2f12c01f586,2507,79,0.0,11,2.4849066497880004,11.0,11.015782358272228,MONITOR,STABLE_PERFORMANCE
url_21725348cab76001,client_e547b89c05043229,2641,96,0.0,11,2.4849066497880004,11.0,11.015782358272228,MONITOR,STABLE_PERFORMANCE
url_63dccec3da895b2a,client_e547b89c05043229,2490,85,0.0,11,2.4849066497880004,11.0,11.015782358272228,MONITOR,STABLE_PERFORMANCE
url_9d99b4e77345d60e,client_0fa64a184f18a4a0,2656,91,0.0,11,2.4849066497880004,11.0,11.015782358272228,MONITOR,STABLE_PERFORMANCE
url_964248dfc70001ee,client_73cda7b4e4f265ea,2551,91,0.0,11,2.4849066497880004,11.0,11.015782358272228,MONITOR,STABLE_PERFORMANCE
url_bc2e8224146ed762,client_86ebc2f12c01f586,2646,79,0.0,11,2.4849066497880004,11.0,11.015782358272228,MONITOR,STABLE_PERFORMANCE
url_9fe16d5f31df3386,client_8ddc46da5414ffd8,2542,79,0.0,11,2.4849066497880004,11.0,11.015782358272228,MONITOR,STABLE_PERFORMANCE
url_f8cb12724807053e,client_0fa64a184f18a4a0,2600,79,0.0,11,2.4849066497880004,11.0,11.015782358272228,MONITOR,STABLE_PERFORMANCE
url_fecc5ad75315fd9e,client_810019792c9b8efc,2619,79,0.0,11,2.4849066497880004,11.0,11.015782358272228,MONITOR,STABLE_PERFORMANCE
url_8d2d7b3eb6e2e240,client_8ddc46da5414ffd8,2568,79,0.0,11,2.4849066497880004,11.0,11.015782358272228,MONITOR,STABLE_PERFORMANCE
url_e1c0da66964f025f,client_8ddc46da5414ffd8,2640,91,0.0,11,2.4849066497880004,11.0,11.015782358272228,MONITOR,STABLE_PERFORMANCE
url_ca1757116e56904e,client_810019792c9b8efc,2484,91,0.0,11,2.4849066497880004,11.0,11.015782358272228,MONITOR,STABLE_PERFORMANCE
url_e123cef6b70b29c2,client_86ebc2f12c01f586,2663,79,0.0,11,2.4849066497880004,11.0,11.015782358272228,MONITOR,STABLE_PERFORMANCE
url_d56d60408d6e1f7c,client_73cda7b4e4f265ea,0,175,0.0,11,2.4849066497880004,11.0,11.015569924251508,MONITOR,STABLE_PERFORMANCE
url_812d49a9b4759ddc,client_0fa64a184f18a4a0,2398,91,0.0,11,2.4849066497880004,11.0,11.015569924251508,MONITOR,STABLE_PERFORMANCE
url_af0a03bbc4684ef0,client_73cda7b4e4f265ea,0,175,0.0,11,2.4849066497880004,11.0,11.015569924251508,MONITOR,STABLE_PERFORMANCE
url_2aee61b9c35aa5b0,client_20259bd6705d81d4,2322,91,0.0,11,2.4849066497880004,11.0,11.015569924251508,MONITOR,STABLE_PERFORMANCE
url_3c0f30fb0e72d919,client_8ddc46da5414ffd8,2476,91,0.0,11,2.4849066497880004,11.0,11.015569924251508,MONITOR,STABLE_PERFORMANCE
url_dbf70fced87f9958,client_8ddc46da5414ffd8,2449,79,0.0,11,2.4849066497880004,11.0,11.015569924251508,MONITOR,STABLE_PERFORMANCE
url_3ec2acd9c0871d4e,client_810019792c9b8efc,2241,79,0.0,11,2.4849066497880004,11.0,11.015569924251508,MONITOR,STABLE_PERFORMANCE
url_c88db78ab401de21,client_e547b89c05043229,2531,55,0.0,11,2.4849066497880004,11.0,11.014006388565795,MONITOR,STABLE_PERFORMANCE
url_fa5e4adecb582478,client_1a730cb2640a1abf,2535,70,0.0,11,2.4849066497880004,11.0,11.012975348892027,MONITOR,STABLE_PERFORMANCE
url_09f5b373b76aeb30,client_1a730cb2640a1abf,2644,70,0.0,11,2.4849066497880004,11.0,11.012975348892027,MONITOR,STABLE_PERFORMANCE
url_0a86b9f8bc35c280,client_86ebc2f12c01f586,2695,70,0.0,11,2.4849066497880004,11.0,11.012975348892027,MONITOR,STABLE_PERFORMANCE
url_330f11913fc66933,client_86ebc2f12c01f586,2418,70,0.0,11,2.4849066497880004,11.0,11.012762914871308,MONITOR,STABLE_PERFORMANCE
url_ad5fb3ae9e43f54c,client_62f4a7e64f5e0096,2592,46,0.0,11,2.4849066497880004,11.0,11.007246881975382,MONITOR,STABLE_PERFORMANCE
url_6ec32eab13be1d9d,client_86ebc2f12c01f586,2695,49,0.0,11,2.4849066497880004,11.0,11.007246881975382,MONITOR,STABLE_PERFORMANCE
url_0ad379226e7e5484,client_73cda7b4e4f265ea,2658,48,0.0,11,2.4849066497880004,11.0,11.007246881975382,MONITOR,STABLE_PERFORMANCE
url_9a1da4f02a1779b4,client_73cda7b4e4f265ea,2491,49,0.0,11,2.4849066497880004,11.0,11.007246881975382,MONITOR,STABLE_PERFORMANCE
url_79a2182f1c6b6d02,client_73cda7b4e4f265ea,2532,53,0.0,11,2.4849066497880004,11.0,11.007246881975382,MONITOR,STABLE_PERFORMANCE
url_70a6959406481ffd,client_86ebc2f12c01f586,2543,49,0.0,11,2.4849066497880004,11.0,11.007246881975382,MONITOR,STABLE_PERFORMANCE
url_fb1cacabecd16312,client_73cda7b4e4f265ea,2522,51,0.0,11,2.4849066497880004,11.0,11.007246881975382,MONITOR,STABLE_PERFORMANCE
url_98a43385606856c7,client_62f4a7e64f5e0096,2542,47,0.0,11,2.4849066497880004,11.0,11.007246881975382,MONITOR,STABLE_PERFORMANCE
url_3cd7eabc1f3ac19d,client_73cda7b4e4f265ea,2568,69,0.0,11,2.4849066497880004,11.0,11.006870973641458,MONITOR,STABLE_PERFORMANCE
url_2eb3abc73d391aaf,client_06d356715a8ff3b6,2218,69,0.0,11,2.4849066497880004,11.0,11.006658539620739,MONITOR,STABLE_PERFORMANCE
url_f22f21519b4e3c04,client_06d356715a8ff3b6,2300,69,0.0,11,2.4849066497880004,11.0,11.006658539620739,MONITOR,STABLE_PERFORMANCE
url_307bbe1052771f19,client_73cda7b4e4f265ea,2465,69,0.0,11,2.4849066497880004,11.0,11.006658539620739,MONITOR,STABLE_PERFORMANCE
url_1448c5948034cf62,client_06d356715a8ff3b6,2245,69,0.0,11,2.4849066497880004,11.0,11.006658539620739,MONITOR,STABLE_PERFORMANCE
url_a2a36e4f4c5085c2,client_e547b89c05043229,2608,68,0.0,11,2.4849066497880004,11.0,10.964653766944567,MONITOR,STABLE_PERFORMANCE
url_66b240b1d13f0706,client_e5c2aa26a8598242,2560,65,0.0,11,2.4849066497880004,11.0,10.964653766944567,MONITOR,STABLE_PERFORMANCE
url_b7c5430b501e69a2,client_e547b89c05043229,2139,68,0.0,11,2.4849066497880004,11.0,10.964441332923847,MONITOR,STABLE_PERFORMANCE
url_9d0c206a639bf284,client_e547b89c05043229,2710,85,0.0,11,2.4849066497880004,11.0,10.927334776357647,MONITOR,STABLE_PERFORMANCE
url_8d7532abbbe17f58,client_fef1a8f436438636,2444,63,0.0,11,2.4849066497880004,11.0,10.926681349601738,MONITOR,STABLE_PERFORMANCE
url_1f910f4a7887d268,client_86ebc2f12c01f586,2714,70,0.0,11,2.4849066497880004,11.0,10.924527766977446,MONITOR,STABLE_PERFORMANCE
url_3e8efb4d36667f5b,client_fef1a8f436438636,2983,49,0.0,11,2.4849066497880004,11.0,10.914516364893291,MONITOR,STABLE_PERFORMANCE
url_7af637dfb91b7202,client_62f4a7e64f5e0096,3691,51,0.0,11,2.4849066497880004,11.0,10.914516364893291,MONITOR,STABLE_PERFORMANCE
url_d7c0b6aa78a905d0,client_8ddc46da5414ffd8,2898,49,0.0,11,2.4849066497880004,11.0,10.914516364893291,MONITOR,STABLE_PERFORMANCE
url_c376e1f60147c2f2,client_73cda7b4e4f265ea,2975,53,0.0,11,2.4849066497880004,11.0,10.914516364893291,MONITOR,STABLE_PERFORMANCE
url_871b910b53e02e16,client_1a730cb2640a1abf,1897,56,0.0,11,2.4849066497880004,11.0,10.906587985249688,MONITOR,STABLE_PERFORMANCE
url_b4802877ae05f11a,client_e547b89c05043229,1211,56,0.0,11,2.4849066497880004,11.0,10.906587985249688,MONITOR,STABLE_PERFORMANCE
url_431b3ca00ded13b9,client_8ddc46da5414ffd8,3365,56,0.0,11,2.4849066497880004,11.0,10.885843782409083,MONITOR,STABLE_PERFORMANCE
url_688f93c01325856e,client_8ddc46da5414ffd8,2944,55,0.0,11,2.4849066497880004,11.0,10.885843782409083,MONITOR,STABLE_PERFORMANCE
url_ba5cfc6bbe561206,client_86ebc2f12c01f586,2810,49,0.0,11,2.4849066497880004,11.0,10.840796408525206,MONITOR,STABLE_PERFORMANCE
url_9eddfe56d985336b,client_73cda7b4e4f265ea,2831,49,0.0,11,2.4849066497880004,11.0,10.839299997576358,MONITOR,STABLE_PERFORMANCE
url_69f0bbcb17e150c6,client_86ebc2f12c01f586,2826,49,0.0,11,2.4849066497880004,11.0,10.839299997576358,MONITOR,STABLE_PERFORMANCE
url_54bd80a48d1cd6e8,client_e547b89c05043229,2788,96,0.0,11,2.4849066497880004,11.0,10.838851664817009,MONITOR,STABLE_PERFORMANCE
url_c9410c477ec63b93,client_73cda7b4e4f265ea,2885,54,0.0,11,2.4849066497880004,11.0,10.803590732944718,MONITOR,STABLE_PERFORMANCE
url_df537acfcabace19,client_23a62021009f63c4,4016,69,0.0,10,2.3978952727983707,10.0,10.605939508477558,MONITOR,STABLE_PERFORMANCE
url_48ade4aba4e9cae8,client_8ddc46da5414ffd8,2774,91,0.0,11,2.4849066497880004,11.0,10.506029326743219,MONITOR,STABLE_PERFORMANCE
url_07478aba23b3105e,client_73cda7b4e4f265ea,2773,175,0.0,11,2.4849066497880004,11.0,10.506029326743219,MONITOR,STABLE_PERFORMANCE
url_9fa5071d79c557ff,client_86ebc2f12c01f586,2775,49,0.0,11,2.4849066497880004,11.0,10.291116701685956,MONITOR,STABLE_PERFORMANCE
url_34cf01f180197e15,client_86ebc2f12c01f586,3260,70,0.0,10,2.3978952727983707,10.0,10.117318600443573,MONITOR,STABLE_PERFORMANCE
url_fdf76f97626b4e49,client_86ebc2f12c01f586,3050,70,0.0,10,2.3978952727983707,10.0,10.117318600443573,MONITOR,STABLE_PERFORMANCE
url_48c89a12982cdf03,client_86ebc2f12c01f586,3052,70,0.0,10,2.3978952727983707,10.0,10.117318600443573,MONITOR,STABLE_PERFORMANCE
url_71fca33ecbdace49,client_86ebc2f12c01f586,2865,70,0.0,10,2.3978952727983707,10.0,10.117318600443573,MONITOR,STABLE_PERFORMANCE
url_c9750c93e0033586,client_8ddc46da5414ffd8,3168,70,0.0,10,2.3978952727983707,10.0,10.117318600443573,MONITOR,STABLE_PERFORMANCE
url_f45d4b2556653cb3,client_86ebc2f12c01f586,3045,70,0.0,10,2.3978952727983707,10.0,10.117318600443573,MONITOR,STABLE_PERFORMANCE
url_bf10c4e9dcc33c84,client_8ddc46da5414ffd8,2904,91,0.0,10,2.3978952727983707,10.0,10.11273085973064,MONITOR,STABLE_PERFORMANCE
url_2fbb757fc1b28666,client_8ddc46da5414ffd8,3555,91,0.0,10,2.3978952727983707,10.0,10.11273085973064,MONITOR,STABLE_PERFORMANCE
url_d92d3b7ff4de5b82,client_8ddc46da5414ffd8,3069,91,0.0,10,2.3978952727983707,10.0,10.11273085973064,MONITOR,STABLE_PERFORMANCE
url_33139e4f76c4e448,client_20259bd6705d81d4,3581,91,0.0,10,2.3978952727983707,10.0,10.11273085973064,MONITOR,STABLE_PERFORMANCE
url_164834da8b6305af,client_20259bd6705d81d4,3321,91,0.0,10,2.3978952727983707,10.0,10.11273085973064,MONITOR,STABLE_PERFORMANCE
url_19b4ee3c27b9d860,client_20259bd6705d81d4,3237,91,0.0,10,2.3978952727983707,10.0,10.11273085973064,MONITOR,STABLE_PERFORMANCE
url_3f9a130f20c5429e,client_8ddc46da5414ffd8,3276,79,0.0,10,2.3978952727983707,10.0,10.11273085973064,MONITOR,STABLE_PERFORMANCE
url_8f937516877d1100,client_e5c2aa26a8598242,2887,91,0.0,10,2.3978952727983707,10.0,10.11273085973064,MONITOR,STABLE_PERFORMANCE
url_fb431bd7bf4bfff8,client_8ddc46da5414ffd8,2870,91,0.0,10,2.3978952727983707,10.0,10.11273085973064,MONITOR,STABLE_PERFORMANCE
url_c5f99fb7bd650624,client_8ddc46da5414ffd8,2975,79,0.0,10,2.3978952727983707,10.0,10.11273085973064,MONITOR,STABLE_PERFORMANCE
url_61cb1f64b1795502,client_8ddc46da5414ffd8,3161,91,0.0,10,2.3978952727983707,10.0,10.11273085973064,MONITOR,STABLE_PERFORMANCE
url_9b8c270f45fcf436,client_8ddc46da5414ffd8,2931,91,0.0,10,2.3978952727983707,10.0,10.11273085973064,MONITOR,STABLE_PERFORMANCE
url_feaea8c992f98313,client_8ddc46da5414ffd8,3290,91,0.0,10,2.3978952727983707,10.0,10.11273085973064,MONITOR,STABLE_PERFORMANCE
url_b428c9ed3ff05201,client_8ddc46da5414ffd8,3099,91,0.0,10,2.3978952727983707,10.0,10.11273085973064,MONITOR,STABLE_PERFORMANCE
url_65b1c5d64b5a6e65,client_8ddc46da5414ffd8,2959,79,0.0,10,2.3978952727983707,10.0,10.11273085973064,MONITOR,STABLE_PERFORMANCE
url_ea1daa70188511bf,client_8ddc46da5414ffd8,3315,91,0.0,10,2.3978952727983707,10.0,10.11273085973064,MONITOR,STABLE_PERFORMANCE
url_b71c6f30f711b377,client_73cda7b4e4f265ea,3418,91,0.0,10,2.3978952727983707,10.0,10.11273085973064,MONITOR,STABLE_PERFORMANCE
url_6e44d4004588b470,client_73cda7b4e4f265ea,2962,91,0.0,10,2.3978952727983707,10.0,10.11273085973064,MONITOR,STABLE_PERFORMANCE
url_86b0faaa0d3ffbad,client_86ebc2f12c01f586,3004,79,0.0,10,2.3978952727983707,10.0,10.11273085973064,MONITOR,STABLE_PERFORMANCE
url_6cd63b5c2f8621ec,client_73cda7b4e4f265ea,3137,91,0.0,10,2.3978952727983707,10.0,10.11273085973064,MONITOR,STABLE_PERFORMANCE
url_f80b2d4c7926577c,client_73cda7b4e4f265ea,3311,91,0.0,10,2.3978952727983707,10.0,10.11273085973064,MONITOR,STABLE_PERFORMANCE
url_d0cb103b5d50b14b,client_73cda7b4e4f265ea,2867,91,0.0,10,2.3978952727983707,10.0,10.11273085973064,MONITOR,STABLE_PERFORMANCE
url_e0ea240dad394535,client_73cda7b4e4f265ea,2948,91,0.0,10,2.3978952727983707,10.0,10.11273085973064,MONITOR,STABLE_PERFORMANCE
url_4eaf9d614b626225,client_73cda7b4e4f265ea,3161,91,0.0,10,2.3978952727983707,10.0,10.11273085973064,MONITOR,STABLE_PERFORMANCE
url_e3f9c64eddc24f76,client_8ddc46da5414ffd8,3295,79,0.0,10,2.3978952727983707,10.0,10.11273085973064,MONITOR,STABLE_PERFORMANCE
url_c30190912b0b1cf1,client_8ddc46da5414ffd8,3043,79,0.0,10,2.3978952727983707,10.0,10.11273085973064,MONITOR,STABLE_PERFORMANCE
url_4fd8a6f89bfea04e,client_8ddc46da5414ffd8,3276,91,0.0,10,2.3978952727983707,10.0,10.11273085973064,MONITOR,STABLE_PERFORMANCE
url_f22622f49665adce,client_86ebc2f12c01f586,3143,91,0.0,10,2.3978952727983707,10.0,10.11273085973064,MONITOR,STABLE_PERFORMANCE
url_b5727073eec9d2ed,client_73cda7b4e4f265ea,3005,175,0.0,10,2.3978952727983707,10.0,10.11273085973064,MONITOR,STABLE_PERFORMANCE
url_02e75cdaa326fedd,client_8ddc46da5414ffd8,2918,91,0.0,10,2.3978952727983707,10.0,10.11273085973064,MONITOR,STABLE_PERFORMANCE
url_f6b85b127d17527f,client_73cda7b4e4f265ea,2926,175,0.0,10,2.3978952727983707,10.0,10.11273085973064,MONITOR,STABLE_PERFORMANCE
url_9e2615013bd499a9,client_73cda7b4e4f265ea,2977,79,0.0,10,2.3978952727983707,10.0,10.11273085973064,MONITOR,STABLE_PERFORMANCE
url_5afea8a4e4d32068,client_23a62021009f63c4,3295,69,0.0,10,2.3978952727983707,10.0,10.111214225193004,MONITOR,STABLE_PERFORMANCE
url_28ee0c44b5d0968d,client_23a62021009f63c4,3065,69,0.0,10,2.3978952727983707,10.0,10.111214225193004,MONITOR,STABLE_PERFORMANCE
url_7fc6d8398e0869a5,client_23a62021009f63c4,3857,69,0.0,10,2.3978952727983707,10.0,10.111214225193004,MONITOR,STABLE_PERFORMANCE
url_ab29b3607b16fc38,client_e5c2aa26a8598242,3046,69,0.0,10,2.3978952727983707,10.0,10.111214225193004,MONITOR,STABLE_PERFORMANCE
url_31a5e3a4a29b41c8,client_23a62021009f63c4,3032,69,0.0,10,2.3978952727983707,10.0,10.111214225193004,MONITOR,STABLE_PERFORMANCE
url_6410119f1a9e8e02,client_8ddc46da5414ffd8,2831,79,0.0,10,2.3978952727983707,10.0,10.109265453052057,MONITOR,STABLE_PERFORMANCE
url_6c96a9243757ec18,client_e547b89c05043229,2817,96,0.0,10,2.3978952727983707,10.0,10.109265453052057,MONITOR,STABLE_PERFORMANCE
url_9b9a6fce39fbb947,client_23a62021009f63c4,3316,65,0.0,10,2.3978952727983707,10.0,10.108979567635144,MONITOR,STABLE_PERFORMANCE
url_d5eebe3a365098a9,client_e547b89c05043229,3124,68,0.0,10,2.3978952727983707,10.0,10.108979567635144,MONITOR,STABLE_PERFORMANCE
url_543e60374718a8da,client_e547b89c05043229,2942,68,0.0,10,2.3978952727983707,10.0,10.108979567635144,MONITOR,STABLE_PERFORMANCE
url_5c77bbda3d546fb9,client_e547b89c05043229,3415,68,0.0,10,2.3978952727983707,10.0,10.108979567635144,MONITOR,STABLE_PERFORMANCE
url_789149d4f019e499,client_86ebc2f12c01f586,2990,64,0.0,10,2.3978952727983707,10.0,10.108979567635144,MONITOR,STABLE_PERFORMANCE
url_3c2e87e41eede367,client_86ebc2f12c01f586,2902,65,0.0,10,2.3978952727983707,10.0,10.108979567635144,MONITOR,STABLE_PERFORMANCE
url_4d3250b6ac22b0bc,client_86ebc2f12c01f586,3073,64,0.0,10,2.3978952727983707,10.0,10.108979567635144,MONITOR,STABLE_PERFORMANCE
url_8197ce1f418a9fbf,client_8ddc46da5414ffd8,2799,91,0.0,10,2.3978952727983707,10.0,10.108384149353864,MONITOR,STABLE_PERFORMANCE
url_4d92245390c5b9e1,client_0fa64a184f18a4a0,2799,91,0.0,10,2.3978952727983707,10.0,10.108384149353864,MONITOR,STABLE_PERFORMANCE
url_5d9636026e4bc483,client_a80fca3f171ed1de,2792,91,0.0,10,2.3978952727983707,10.0,10.108384149353864,MONITOR,STABLE_PERFORMANCE
url_1b6729aea620bedf,client_73cda7b4e4f265ea,2802,175,0.0,10,2.3978952727983707,10.0,10.108384149353864,MONITOR,STABLE_PERFORMANCE
url_180abdf3bbf20ab1,client_e5c2aa26a8598242,2833,69,0.0,10,2.3978952727983707,10.0,10.107748818514422,MONITOR,STABLE_PERFORMANCE
url_36f99b2b18e25399,client_86ebc2f12c01f586,2819,64,0.0,10,2.3978952727983707,10.0,10.105514160956561,MONITOR,STABLE_PERFORMANCE
url_c499b1d9c818a2e8,client_e547b89c05043229,2812,68,0.0,10,2.3978952727983707,10.0,10.104632857258368,MONITOR,STABLE_PERFORMANCE
url_aaf3040ccb605acc,client_20259bd6705d81d4,3877,91,0.0,10,2.3978952727983707,10.0,10.09733276182078,MONITOR,STABLE_PERFORMANCE
url_3ae4f42bbcf104a0,client_08a6a72ff48e62c0,2388,55,0.0,10,2.3978952727983707,10.0,10.086656217647029,MONITOR,STABLE_PERFORMANCE
url_1ca4d8ef3db7daa3,client_62f4a7e64f5e0096,2125,47,0.0,10,2.3978952727983707,10.0,10.079896711056616,MONITOR,STABLE_PERFORMANCE
url_0824976e721d8eff,client_e5c2aa26a8598242,1778,54,0.0,10,2.3978952727983707,10.0,10.079896711056616,MONITOR,STABLE_PERFORMANCE
url_7023ea77abc245cd,client_62f4a7e64f5e0096,2153,47,0.0,10,2.3978952727983707,10.0,10.079896711056616,MONITOR,STABLE_PERFORMANCE
url_4ba6dc277075374b,client_73cda7b4e4f265ea,1856,48,0.0,10,2.3978952727983707,10.0,10.079896711056616,MONITOR,STABLE_PERFORMANCE
url_ca0491db08541ee5,client_73cda7b4e4f265ea,1045,48,0.0,10,2.3978952727983707,10.0,10.079896711056616,MONITOR,STABLE_PERFORMANCE
url_d031626d3f66245a,client_73cda7b4e4f265ea,1000,48,0.0,10,2.3978952727983707,10.0,10.079896711056616,MONITOR,STABLE_PERFORMANCE
url_a0d657da00e9868a,client_e5c2aa26a8598242,1681,50,0.0,10,2.3978952727983707,10.0,10.079896711056616,MONITOR,STABLE_PERFORMANCE
url_12c4c56261ea3b9a,client_23a62021009f63c4,2124,54,0.0,10,2.3978952727983707,10.0,10.079896711056616,MONITOR,STABLE_PERFORMANCE
url_a3022a6f7506186e,client_e547b89c05043229,1494,54,0.0,10,2.3978952727983707,10.0,10.079896711056616,MONITOR,STABLE_PERFORMANCE
url_f37a4464e91cdf97,client_e547b89c05043229,1081,54,0.0,10,2.3978952727983707,10.0,10.079896711056616,MONITOR,STABLE_PERFORMANCE
url_ee6712ad2ab3c2ee,client_23a62021009f63c4,2070,44,0.0,10,2.3978952727983707,10.0,10.079896711056616,MONITOR,STABLE_PERFORMANCE
url_14a9521295e39890,client_86ebc2f12c01f586,2026,50,0.0,10,2.3978952727983707,10.0,10.079896711056616,MONITOR,STABLE_PERFORMANCE
url_2ddfb62610a5de59,client_2094c6eb080311d5,2149,54,0.0,10,2.3978952727983707,10.0,10.079896711056616,MONITOR,STABLE_PERFORMANCE
url_c9ab670e7da2121d,client_73cda7b4e4f265ea,1081,51,0.0,10,2.3978952727983707,10.0,10.079896711056616,MONITOR,STABLE_PERFORMANCE
url_5e10a19dfca1eb62,client_e547b89c05043229,1121,54,0.0,10,2.3978952727983707,10.0,10.079896711056616,MONITOR,STABLE_PERFORMANCE
url_9e03f757f0c2d096,client_73cda7b4e4f265ea,2477,46,0.0,10,2.3978952727983707,10.0,10.079896711056616,MONITOR,STABLE_PERFORMANCE
url_a947507b59693b85,client_2094c6eb080311d5,2039,54,0.0,10,2.3978952727983707,10.0,10.079896711056616,MONITOR,STABLE_PERFORMANCE
url_afda4bcebe800f17,client_73cda7b4e4f265ea,2423,49,0.0,10,2.3978952727983707,10.0,10.079896711056616,MONITOR,STABLE_PERFORMANCE
url_2ba3616c99268460,client_62f4a7e64f5e0096,0,46,0.0,10,2.3978952727983707,10.0,10.079896711056616,MONITOR,STABLE_PERFORMANCE
url_51c0a7108f28b977,client_e5c2aa26a8598242,1810,54,0.0,10,2.3978952727983707,10.0,10.079896711056616,MONITOR,STABLE_PERFORMANCE
url_afc318fcfdf8247e,client_23a62021009f63c4,2199,54,0.0,10,2.3978952727983707,10.0,10.079896711056616,MONITOR,STABLE_PERFORMANCE
url_87b73bafad53dd62,client_73cda7b4e4f265ea,984,51,0.0,10,2.3978952727983707,10.0,10.079896711056616,MONITOR,STABLE_PERFORMANCE
url_789803de786830ff,client_73cda7b4e4f265ea,866,49,0.0,10,2.3978952727983707,10.0,10.079896711056616,MONITOR,STABLE_PERFORMANCE
url_2267214693b0e735,client_62f4a7e64f5e0096,2423,47,0.0,10,2.3978952727983707,10.0,10.079896711056616,MONITOR,STABLE_PERFORMANCE
url_b755d2f207d9f415,client_b77d0d5f08f05e64,2102,54,0.0,10,2.3978952727983707,10.0,10.079896711056616,MONITOR,STABLE_PERFORMANCE
url_0b011a0cf3018df0,client_73cda7b4e4f265ea,1284,49,0.0,10,2.3978952727983707,10.0,10.079896711056616,MONITOR,STABLE_PERFORMANCE
url_de7e5d8d191e0431,client_62f4a7e64f5e0096,0,47,0.0,10,2.3978952727983707,10.0,10.079896711056616,MONITOR,STABLE_PERFORMANCE
url_5a2dd88973cc35ce,client_73cda7b4e4f265ea,1938,48,0.0,10,2.3978952727983707,10.0,10.079896711056616,MONITOR,STABLE_PERFORMANCE
url_22c54b520221292e,client_e5c2aa26a8598242,2173,50,0.0,10,2.3978952727983707,10.0,10.079896711056616,MONITOR,STABLE_PERFORMANCE
url_89bb57bba6d54209,client_e5c2aa26a8598242,1634,54,0.0,10,2.3978952727983707,10.0,10.079896711056616,MONITOR,STABLE_PERFORMANCE
url_00abb575c93838ee,client_73cda7b4e4f265ea,1251,51,0.0,10,2.3978952727983707,10.0,10.079896711056616,MONITOR,STABLE_PERFORMANCE
url_50e353fdee2d5b64,client_73cda7b4e4f265ea,947,48,0.0,10,2.3978952727983707,10.0,10.079896711056616,MONITOR,STABLE_PERFORMANCE
url_73a9e292d907a0bd,client_73cda7b4e4f265ea,1255,51,0.0,10,2.3978952727983707,10.0,10.079896711056616,MONITOR,STABLE_PERFORMANCE
url_18ecdba6078c95a0,client_73cda7b4e4f265ea,1955,48,0.0,10,2.3978952727983707,10.0,10.079896711056616,MONITOR,STABLE_PERFORMANCE
url_f10e11bd9d6fe5b7,client_23a62021009f63c4,3248,62,0.0,10,2.3978952727983707,10.0,10.07372795084211,MONITOR,STABLE_PERFORMANCE
url_c8c76f5713580147,client_23a62021009f63c4,3347,62,0.0,10,2.3978952727983707,10.0,10.07372795084211,MONITOR,STABLE_PERFORMANCE
url_d8b41e17c9bcfed8,client_23a62021009f63c4,2952,62,0.0,10,2.3978952727983707,10.0,10.07372795084211,MONITOR,STABLE_PERFORMANCE
url_9f57ea4df3026e18,client_23a62021009f63c4,3345,62,0.0,10,2.3978952727983707,10.0,10.07372795084211,MONITOR,STABLE_PERFORMANCE
url_349038f475cb843d,client_23a62021009f63c4,3493,62,0.0,10,2.3978952727983707,10.0,10.07372795084211,MONITOR,STABLE_PERFORMANCE
url_1ad22180d43e8751,client_23a62021009f63c4,3286,62,0.0,10,2.3978952727983707,10.0,10.07372795084211,MONITOR,STABLE_PERFORMANCE
url_111e08d54ef73b16,client_08a6a72ff48e62c0,2542,70,0.0,10,2.3978952727983707,10.0,10.05351765359369,MONITOR,STABLE_PERFORMANCE
url_ad7d04d841a8362b,client_08a6a72ff48e62c0,2302,70,0.0,10,2.3978952727983707,10.0,10.053305219572971,MONITOR,STABLE_PERFORMANCE
url_b7415549d6fdcca5,client_1a730cb2640a1abf,2213,70,0.0,10,2.3978952727983707,10.0,10.053305219572971,MONITOR,STABLE_PERFORMANCE
url_868ab1bde480d15d,client_1a730cb2640a1abf,2337,70,0.0,10,2.3978952727983707,10.0,10.053305219572971,MONITOR,STABLE_PERFORMANCE
url_d8999fecee292766,client_8ddc46da5414ffd8,2635,79,0.0,10,2.3978952727983707,10.0,10.048929912880757,MONITOR,STABLE_PERFORMANCE
url_4845e0fccdc5afdb,client_20259bd6705d81d4,2684,91,0.0,10,2.3978952727983707,10.0,10.048929912880757,MONITOR,STABLE_PERFORMANCE
url_62bba4350c293ddb,client_e547b89c05043229,2590,96,0.0,10,2.3978952727983707,10.0,10.048929912880757,MONITOR,STABLE_PERFORMANCE
url_52fe69abaeebbb21,client_a80fca3f171ed1de,2599,91,0.0,10,2.3978952727983707,10.0,10.048929912880757,MONITOR,STABLE_PERFORMANCE
url_86e135ab9a5df6ce,client_e547b89c05043229,2680,96,0.0,10,2.3978952727983707,10.0,10.048929912880757,MONITOR,STABLE_PERFORMANCE
url_cb083aff5dfcc9c4,client_73cda7b4e4f265ea,2684,91,0.0,10,2.3978952727983707,10.0,10.048929912880757,MONITOR,STABLE_PERFORMANCE
url_bb4b10b50e9ce59c,client_e547b89c05043229,2609,85,0.0,10,2.3978952727983707,10.0,10.048929912880757,MONITOR,STABLE_PERFORMANCE
url_d54bc56f99afed07,client_8ddc46da5414ffd8,2671,79,0.0,10,2.3978952727983707,10.0,10.048929912880757,MONITOR,STABLE_PERFORMANCE
url_1a601549c3383ec8,client_8ddc46da5414ffd8,2576,79,0.0,10,2.3978952727983707,10.0,10.048929912880757,MONITOR,STABLE_PERFORMANCE
url_b8b19143e22117f5,client_73cda7b4e4f265ea,2653,91,0.0,10,2.3978952727983707,10.0,10.048929912880757,MONITOR,STABLE_PERFORMANCE
url_58f05873f0444b78,client_3f0ce4d44fe94f3d,2560,71,0.0,10,2.3978952727983707,10.0,10.048929912880757,MONITOR,STABLE_PERFORMANCE
url_da5e88ea492b0a73,client_a80fca3f171ed1de,2635,91,0.0,10,2.3978952727983707,10.0,10.048929912880757,MONITOR,STABLE_PERFORMANCE
url_910bf636ffd09ab4,client_1a730cb2640a1abf,2560,79,0.0,10,2.3978952727983707,10.0,10.048929912880757,MONITOR,STABLE_PERFORMANCE
url_3e9a81fcd647a091,client_73cda7b4e4f265ea,0,93,0.0,10,2.3978952727983707,10.0,10.048717478860038,MONITOR,STABLE_PERFORMANCE
url_6bbe0346e2bd9c45,client_73cda7b4e4f265ea,0,175,0.0,10,2.3978952727983707,10.0,10.048717478860038,MONITOR,STABLE_PERFORMANCE
url_10cc409b049a270d,client_73cda7b4e4f265ea,0,93,0.0,10,2.3978952727983707,10.0,10.048717478860038,MONITOR,STABLE_PERFORMANCE
url_f35794d766e07e5d,client_73cda7b4e4f265ea,0,93,0.0,10,2.3978952727983707,10.0,10.048717478860038,MONITOR,STABLE_PERFORMANCE
url_07183e36bd50e6d3,client_73cda7b4e4f265ea,0,175,0.0,10,2.3978952727983707,10.0,10.048717478860038,MONITOR,STABLE_PERFORMANCE
url_d3a902113a771abe,client_810019792c9b8efc,2382,91,0.0,10,2.3978952727983707,10.0,10.048717478860038,MONITOR,STABLE_PERFORMANCE
url_d1fceeb0a6a21dd0,client_86ebc2f12c01f586,2398,79,0.0,10,2.3978952727983707,10.0,10.048717478860038,MONITOR,STABLE_PERFORMANCE
url_e1b15f1d33957e97,client_73cda7b4e4f265ea,0,175,0.0,10,2.3978952727983707,10.0,10.048717478860038,MONITOR,STABLE_PERFORMANCE
url_125dd643fcd3e102,client_06d356715a8ff3b6,2340,79,0.0,10,2.3978952727983707,10.0,10.048717478860038,MONITOR,STABLE_PERFORMANCE
url_dd5dec33023bfcb4,client_73cda7b4e4f265ea,0,93,0.0,10,2.3978952727983707,10.0,10.048717478860038,MONITOR,STABLE_PERFORMANCE
url_c7967751d6234efb,client_73cda7b4e4f265ea,0,175,0.0,10,2.3978952727983707,10.0,10.048717478860038,MONITOR,STABLE_PERFORMANCE
url_513e271b21bfec4c,client_e547b89c05043229,2375,96,0.0,10,2.3978952727983707,10.0,10.048717478860038,MONITOR,STABLE_PERFORMANCE
url_1e99883d05c07c3e,client_06d356715a8ff3b6,2154,69,0.0,10,2.3978952727983707,10.0,10.047200844322402,MONITOR,STABLE_PERFORMANCE
url_f016352eb8aad036,client_73cda7b4e4f265ea,2448,69,0.0,10,2.3978952727983707,10.0,10.047200844322402,MONITOR,STABLE_PERFORMANCE
url_2f32bbc23a9b1af4,client_06d356715a8ff3b6,2066,69,0.0,10,2.3978952727983707,10.0,10.047200844322402,MONITOR,STABLE_PERFORMANCE
url_b5781f6cc7670e40,client_06d356715a8ff3b6,2191,69,0.0,10,2.3978952727983707,10.0,10.047200844322402,MONITOR,STABLE_PERFORMANCE
url_e720acb337a199e1,client_73cda7b4e4f265ea,2424,69,0.0,10,2.3978952727983707,10.0,10.047200844322402,MONITOR,STABLE_PERFORMANCE
url_a226a4c356273dce,client_e5c2aa26a8598242,2524,55,0.0,10,2.3978952727983707,10.0,10.04283903310106,MONITOR,STABLE_PERFORMANCE
url_ea869c50e5fcf0c3,client_8ddc46da5414ffd8,2524,55,0.0,10,2.3978952727983707,10.0,10.04283903310106,MONITOR,STABLE_PERFORMANCE
url_713ad489256a8f8d,client_e547b89c05043229,2583,44,0.0,10,2.3978952727983707,10.0,10.036079526510647,MONITOR,STABLE_PERFORMANCE
url_d1d9bacfe74a204e,client_e547b89c05043229,2640,51,0.0,10,2.3978952727983707,10.0,10.036079526510647,MONITOR,STABLE_PERFORMANCE
url_9331cfaeb512b2a7,client_23a62021009f63c4,2657,54,0.0,10,2.3978952727983707,10.0,10.036079526510647,MONITOR,STABLE_PERFORMANCE
url_59ec500fbe3d67f5,client_73cda7b4e4f265ea,2540,48,0.0,10,2.3978952727983707,10.0,10.036079526510647,MONITOR,STABLE_PERFORMANCE
url_30ae54dae23101aa,client_62f4a7e64f5e0096,2671,46,0.0,10,2.3978952727983707,10.0,10.036079526510647,MONITOR,STABLE_PERFORMANCE
url_794cab62a21e1774,client_8ddc46da5414ffd8,2630,48,0.0,10,2.3978952727983707,10.0,10.036079526510647,MONITOR,STABLE_PERFORMANCE
url_4f051611374ea16a,client_62f4a7e64f5e0096,2630,46,0.0,10,2.3978952727983707,10.0,10.036079526510647,MONITOR,STABLE_PERFORMANCE
url_8e191cf518d02573,client_62f4a7e64f5e0096,2642,47,0.0,10,2.3978952727983707,10.0,10.036079526510647,MONITOR,STABLE_PERFORMANCE
url_00c37b7c506bf8de,client_73cda7b4e4f265ea,2655,49,0.0,10,2.3978952727983707,10.0,10.036079526510647,MONITOR,STABLE_PERFORMANCE
url_467dce88238f666c,client_8ddc46da5414ffd8,2643,49,0.0,10,2.3978952727983707,10.0,10.036079526510647,MONITOR,STABLE_PERFORMANCE
url_bae373953be44520,client_8ddc46da5414ffd8,2709,91,0.0,10,2.3978952727983707,10.0,10.03345918378366,MONITOR,STABLE_PERFORMANCE
url_afd634bc5be688f8,client_86ebc2f12c01f586,2551,64,0.0,10,2.3978952727983707,10.0,10.001050006972529,MONITOR,STABLE_PERFORMANCE
url_74c14e0915246bd3,client_73cda7b4e4f265ea,2684,65,0.0,10,2.3978952727983707,10.0,10.001050006972529,MONITOR,STABLE_PERFORMANCE
url_7131c9736d0aa856,client_e547b89c05043229,2638,68,0.0,10,2.3978952727983707,10.0,10.001050006972529,MONITOR,STABLE_PERFORMANCE
url_7c8d3601b9e47170,client_86ebc2f12c01f586,2673,64,0.0,10,2.3978952727983707,10.0,10.001050006972529,MONITOR,STABLE_PERFORMANCE
url_b421e6c0ded9caa7,client_e547b89c05043229,0,68,0.0,10,2.3978952727983707,10.0,10.00083757295181,MONITOR,STABLE_PERFORMANCE
url_598c84da53f2b18c,client_fef1a8f436438636,2554,63,0.0,10,2.3978952727983707,10.0,9.96329002365042,MONITOR,STABLE_PERFORMANCE
url_d298a2b831e9fbc9,client_86ebc2f12c01f586,2714,79,0.0,10,2.3978952727983707,10.0,9.960482330966176,MONITOR,STABLE_PERFORMANCE
url_3ee77bdc317028be,client_e547b89c05043229,3068,44,0.0,10,2.3978952727983707,10.0,9.945984551056384,MONITOR,STABLE_PERFORMANCE
url_c36dd4ee85756a01,client_e547b89c05043229,3054,49,0.0,10,2.3978952727983707,10.0,9.945984551056384,MONITOR,STABLE_PERFORMANCE
url_1cee38aef96b45db,client_8ddc46da5414ffd8,2937,48,0.0,10,2.3978952727983707,10.0,9.945984551056384,MONITOR,STABLE_PERFORMANCE
url_446c219ffe3af227,client_8ddc46da5414ffd8,3956,51,0.0,10,2.3978952727983707,10.0,9.945984551056384,MONITOR,STABLE_PERFORMANCE
url_443f6afe0087df2c,client_8ddc46da5414ffd8,2953,49,0.0,10,2.3978952727983707,10.0,9.945984551056384,MONITOR,STABLE_PERFORMANCE
url_f4ccb9c668a4bd51,client_8ddc46da5414ffd8,3377,49,0.0,10,2.3978952727983707,10.0,9.945984551056384,MONITOR,STABLE_PERFORMANCE
url_c43cfe50cc0a0080,client_e547b89c05043229,2896,46,0.0,10,2.3978952727983707,10.0,9.945984551056384,MONITOR,STABLE_PERFORMANCE
url_030c91d6e02cf03b,client_86ebc2f12c01f586,1956,56,0.0,10,2.3978952727983707,10.0,9.935420629784954,MONITOR,STABLE_PERFORMANCE
url_473eb9fbd974532b,client_b77d0d5f08f05e64,2210,57,0.0,10,2.3978952727983707,10.0,9.935420629784954,MONITOR,STABLE_PERFORMANCE
url_d89c109301eb1956,client_2094c6eb080311d5,1687,56,0.0,10,2.3978952727983707,10.0,9.935420629784954,MONITOR,STABLE_PERFORMANCE
url_0852f1a3c665254d,client_73cda7b4e4f265ea,3026,56,0.0,10,2.3978952727983707,10.0,9.917311968572175,MONITOR,STABLE_PERFORMANCE
url_e3acb046de833832,client_23a62021009f63c4,3335,54,0.0,10,2.3978952727983707,10.0,9.917311968572175,MONITOR,STABLE_PERFORMANCE
url_ff33344fa4ec8ec8,client_23a62021009f63c4,3665,54,0.0,10,2.3978952727983707,10.0,9.917311968572175,MONITOR,STABLE_PERFORMANCE
url_60df1eb88f120e7a,client_62f4a7e64f5e0096,2856,47,0.0,10,2.3978952727983707,10.0,9.863731501592019,MONITOR,STABLE_PERFORMANCE
url_ba438dd753d39e78,client_e547b89c05043229,2782,96,0.0,10,2.3978952727983707,10.0,9.543296129217302,MONITOR,STABLE_PERFORMANCE
url_6f7346a1f6112cea,client_e547b89c05043229,2770,68,0.0,10,2.3978952727983707,10.0,9.539544837121806,MONITOR,STABLE_PERFORMANCE
